/*
 Navicat Premium Data Transfer

 Source Server         : MySQL8
 Source Server Type    : MySQL
 Source Server Version : 80017
 Source Host           : localhost:3306
 Source Schema         : quan-admin-project

 Target Server Type    : MySQL
 Target Server Version : 80017
 File Encoding         : 65001

 Date: 10/06/2024 10:38:31
*/

SET NAMES utf8mb4;
SET FOREIGN_KEY_CHECKS = 0;

-- ----------------------------
-- Table structure for qrtz_blob_triggers
-- ----------------------------
DROP TABLE IF EXISTS `qrtz_blob_triggers`;
CREATE TABLE `qrtz_blob_triggers`  (
  `SCHED_NAME` varchar(120) CHARACTER SET utf8mb4 COLLATE utf8mb4_0900_ai_ci NOT NULL,
  `TRIGGER_NAME` varchar(190) CHARACTER SET utf8mb4 COLLATE utf8mb4_0900_ai_ci NOT NULL,
  `TRIGGER_GROUP` varchar(190) CHARACTER SET utf8mb4 COLLATE utf8mb4_0900_ai_ci NOT NULL,
  `BLOB_DATA` blob NULL,
  PRIMARY KEY (`SCHED_NAME`, `TRIGGER_NAME`, `TRIGGER_GROUP`) USING BTREE,
  INDEX `SCHED_NAME`(`SCHED_NAME`, `TRIGGER_NAME`, `TRIGGER_GROUP`) USING BTREE,
  CONSTRAINT `qrtz_blob_triggers_ibfk_1` FOREIGN KEY (`SCHED_NAME`, `TRIGGER_NAME`, `TRIGGER_GROUP`) REFERENCES `qrtz_triggers` (`SCHED_NAME`, `TRIGGER_NAME`, `TRIGGER_GROUP`) ON DELETE RESTRICT ON UPDATE RESTRICT
) ENGINE = InnoDB CHARACTER SET = utf8mb4 COLLATE = utf8mb4_0900_ai_ci ROW_FORMAT = Dynamic;

-- ----------------------------
-- Table structure for qrtz_calendars
-- ----------------------------
DROP TABLE IF EXISTS `qrtz_calendars`;
CREATE TABLE `qrtz_calendars`  (
  `SCHED_NAME` varchar(120) CHARACTER SET utf8mb4 COLLATE utf8mb4_0900_ai_ci NOT NULL,
  `CALENDAR_NAME` varchar(190) CHARACTER SET utf8mb4 COLLATE utf8mb4_0900_ai_ci NOT NULL,
  `CALENDAR` blob NOT NULL,
  PRIMARY KEY (`SCHED_NAME`, `CALENDAR_NAME`) USING BTREE
) ENGINE = InnoDB CHARACTER SET = utf8mb4 COLLATE = utf8mb4_0900_ai_ci ROW_FORMAT = Dynamic;

-- ----------------------------
-- Table structure for qrtz_cron_triggers
-- ----------------------------
DROP TABLE IF EXISTS `qrtz_cron_triggers`;
CREATE TABLE `qrtz_cron_triggers`  (
  `SCHED_NAME` varchar(120) CHARACTER SET utf8mb4 COLLATE utf8mb4_0900_ai_ci NOT NULL,
  `TRIGGER_NAME` varchar(190) CHARACTER SET utf8mb4 COLLATE utf8mb4_0900_ai_ci NOT NULL,
  `TRIGGER_GROUP` varchar(190) CHARACTER SET utf8mb4 COLLATE utf8mb4_0900_ai_ci NOT NULL,
  `CRON_EXPRESSION` varchar(120) CHARACTER SET utf8mb4 COLLATE utf8mb4_0900_ai_ci NOT NULL,
  `TIME_ZONE_ID` varchar(80) CHARACTER SET utf8mb4 COLLATE utf8mb4_0900_ai_ci NULL DEFAULT NULL,
  PRIMARY KEY (`SCHED_NAME`, `TRIGGER_NAME`, `TRIGGER_GROUP`) USING BTREE,
  CONSTRAINT `qrtz_cron_triggers_ibfk_1` FOREIGN KEY (`SCHED_NAME`, `TRIGGER_NAME`, `TRIGGER_GROUP`) REFERENCES `qrtz_triggers` (`SCHED_NAME`, `TRIGGER_NAME`, `TRIGGER_GROUP`) ON DELETE RESTRICT ON UPDATE RESTRICT
) ENGINE = InnoDB CHARACTER SET = utf8mb4 COLLATE = utf8mb4_0900_ai_ci ROW_FORMAT = Dynamic;

-- ----------------------------
-- Records of qrtz_cron_triggers
-- ----------------------------
INSERT INTO `qrtz_cron_triggers` VALUES ('clusteredScheduler', 'trigger-测试定时任务', 'DEFAULT', '0/5 * * * * ? *', 'Asia/Shanghai');

-- ----------------------------
-- Table structure for qrtz_fired_triggers
-- ----------------------------
DROP TABLE IF EXISTS `qrtz_fired_triggers`;
CREATE TABLE `qrtz_fired_triggers`  (
  `SCHED_NAME` varchar(120) CHARACTER SET utf8mb4 COLLATE utf8mb4_0900_ai_ci NOT NULL,
  `ENTRY_ID` varchar(95) CHARACTER SET utf8mb4 COLLATE utf8mb4_0900_ai_ci NOT NULL,
  `TRIGGER_NAME` varchar(190) CHARACTER SET utf8mb4 COLLATE utf8mb4_0900_ai_ci NOT NULL,
  `TRIGGER_GROUP` varchar(190) CHARACTER SET utf8mb4 COLLATE utf8mb4_0900_ai_ci NOT NULL,
  `INSTANCE_NAME` varchar(190) CHARACTER SET utf8mb4 COLLATE utf8mb4_0900_ai_ci NOT NULL,
  `FIRED_TIME` bigint(20) NOT NULL,
  `SCHED_TIME` bigint(20) NOT NULL,
  `PRIORITY` int(11) NOT NULL,
  `STATE` varchar(16) CHARACTER SET utf8mb4 COLLATE utf8mb4_0900_ai_ci NOT NULL,
  `JOB_NAME` varchar(190) CHARACTER SET utf8mb4 COLLATE utf8mb4_0900_ai_ci NULL DEFAULT NULL,
  `JOB_GROUP` varchar(190) CHARACTER SET utf8mb4 COLLATE utf8mb4_0900_ai_ci NULL DEFAULT NULL,
  `IS_NONCONCURRENT` varchar(1) CHARACTER SET utf8mb4 COLLATE utf8mb4_0900_ai_ci NULL DEFAULT NULL,
  `REQUESTS_RECOVERY` varchar(1) CHARACTER SET utf8mb4 COLLATE utf8mb4_0900_ai_ci NULL DEFAULT NULL,
  PRIMARY KEY (`SCHED_NAME`, `ENTRY_ID`) USING BTREE,
  INDEX `IDX_QRTZ_FT_TRIG_INST_NAME`(`SCHED_NAME`, `INSTANCE_NAME`) USING BTREE,
  INDEX `IDX_QRTZ_FT_INST_JOB_REQ_RCVRY`(`SCHED_NAME`, `INSTANCE_NAME`, `REQUESTS_RECOVERY`) USING BTREE,
  INDEX `IDX_QRTZ_FT_J_G`(`SCHED_NAME`, `JOB_NAME`, `JOB_GROUP`) USING BTREE,
  INDEX `IDX_QRTZ_FT_JG`(`SCHED_NAME`, `JOB_GROUP`) USING BTREE,
  INDEX `IDX_QRTZ_FT_T_G`(`SCHED_NAME`, `TRIGGER_NAME`, `TRIGGER_GROUP`) USING BTREE,
  INDEX `IDX_QRTZ_FT_TG`(`SCHED_NAME`, `TRIGGER_GROUP`) USING BTREE
) ENGINE = InnoDB CHARACTER SET = utf8mb4 COLLATE = utf8mb4_0900_ai_ci ROW_FORMAT = Dynamic;

-- ----------------------------
-- Table structure for qrtz_job_details
-- ----------------------------
DROP TABLE IF EXISTS `qrtz_job_details`;
CREATE TABLE `qrtz_job_details`  (
  `SCHED_NAME` varchar(120) CHARACTER SET utf8mb4 COLLATE utf8mb4_0900_ai_ci NOT NULL,
  `JOB_NAME` varchar(190) CHARACTER SET utf8mb4 COLLATE utf8mb4_0900_ai_ci NOT NULL,
  `JOB_GROUP` varchar(190) CHARACTER SET utf8mb4 COLLATE utf8mb4_0900_ai_ci NOT NULL,
  `DESCRIPTION` varchar(250) CHARACTER SET utf8mb4 COLLATE utf8mb4_0900_ai_ci NULL DEFAULT NULL,
  `JOB_CLASS_NAME` varchar(250) CHARACTER SET utf8mb4 COLLATE utf8mb4_0900_ai_ci NOT NULL,
  `IS_DURABLE` varchar(1) CHARACTER SET utf8mb4 COLLATE utf8mb4_0900_ai_ci NOT NULL,
  `IS_NONCONCURRENT` varchar(1) CHARACTER SET utf8mb4 COLLATE utf8mb4_0900_ai_ci NOT NULL,
  `IS_UPDATE_DATA` varchar(1) CHARACTER SET utf8mb4 COLLATE utf8mb4_0900_ai_ci NOT NULL,
  `REQUESTS_RECOVERY` varchar(1) CHARACTER SET utf8mb4 COLLATE utf8mb4_0900_ai_ci NOT NULL,
  `JOB_DATA` blob NULL,
  PRIMARY KEY (`SCHED_NAME`, `JOB_NAME`, `JOB_GROUP`) USING BTREE,
  INDEX `IDX_QRTZ_J_REQ_RECOVERY`(`SCHED_NAME`, `REQUESTS_RECOVERY`) USING BTREE,
  INDEX `IDX_QRTZ_J_GRP`(`SCHED_NAME`, `JOB_GROUP`) USING BTREE
) ENGINE = InnoDB CHARACTER SET = utf8mb4 COLLATE = utf8mb4_0900_ai_ci ROW_FORMAT = Dynamic;

-- ----------------------------
-- Records of qrtz_job_details
-- ----------------------------
INSERT INTO `qrtz_job_details` VALUES ('clusteredScheduler', '测试定时任务', 'DEFAULT', '111111', 'com.quan.admin.scheduler.PrintWriteSchedulerJob', '0', '0', '0', '0', 0xACED0005737200156F72672E71756172747A2E4A6F62446174614D61709FB083E8BFA9B0CB020000787200266F72672E71756172747A2E7574696C732E537472696E674B65794469727479466C61674D61708208E8C3FBC55D280200015A0013616C6C6F77735472616E7369656E74446174617872001D6F72672E71756172747A2E7574696C732E4469727479466C61674D617013E62EAD28760ACE0200025A000564697274794C00036D617074000F4C6A6176612F7574696C2F4D61703B787001737200116A6176612E7574696C2E486173684D61700507DAC1C31660D103000246000A6C6F6164466163746F724900097468726573686F6C6478703F4000000000000C7708000000100000000274000261617400026161740002636374000263637800);

-- ----------------------------
-- Table structure for qrtz_locks
-- ----------------------------
DROP TABLE IF EXISTS `qrtz_locks`;
CREATE TABLE `qrtz_locks`  (
  `SCHED_NAME` varchar(120) CHARACTER SET utf8mb4 COLLATE utf8mb4_0900_ai_ci NOT NULL,
  `LOCK_NAME` varchar(40) CHARACTER SET utf8mb4 COLLATE utf8mb4_0900_ai_ci NOT NULL,
  PRIMARY KEY (`SCHED_NAME`, `LOCK_NAME`) USING BTREE
) ENGINE = InnoDB CHARACTER SET = utf8mb4 COLLATE = utf8mb4_0900_ai_ci ROW_FORMAT = Dynamic;

-- ----------------------------
-- Records of qrtz_locks
-- ----------------------------
INSERT INTO `qrtz_locks` VALUES ('clusteredScheduler', 'STATE_ACCESS');
INSERT INTO `qrtz_locks` VALUES ('clusteredScheduler', 'TRIGGER_ACCESS');

-- ----------------------------
-- Table structure for qrtz_paused_trigger_grps
-- ----------------------------
DROP TABLE IF EXISTS `qrtz_paused_trigger_grps`;
CREATE TABLE `qrtz_paused_trigger_grps`  (
  `SCHED_NAME` varchar(120) CHARACTER SET utf8mb4 COLLATE utf8mb4_0900_ai_ci NOT NULL,
  `TRIGGER_GROUP` varchar(190) CHARACTER SET utf8mb4 COLLATE utf8mb4_0900_ai_ci NOT NULL,
  PRIMARY KEY (`SCHED_NAME`, `TRIGGER_GROUP`) USING BTREE
) ENGINE = InnoDB CHARACTER SET = utf8mb4 COLLATE = utf8mb4_0900_ai_ci ROW_FORMAT = Dynamic;

-- ----------------------------
-- Table structure for qrtz_scheduler_state
-- ----------------------------
DROP TABLE IF EXISTS `qrtz_scheduler_state`;
CREATE TABLE `qrtz_scheduler_state`  (
  `SCHED_NAME` varchar(120) CHARACTER SET utf8mb4 COLLATE utf8mb4_0900_ai_ci NOT NULL,
  `INSTANCE_NAME` varchar(190) CHARACTER SET utf8mb4 COLLATE utf8mb4_0900_ai_ci NOT NULL,
  `LAST_CHECKIN_TIME` bigint(20) NOT NULL,
  `CHECKIN_INTERVAL` bigint(20) NOT NULL,
  PRIMARY KEY (`SCHED_NAME`, `INSTANCE_NAME`) USING BTREE
) ENGINE = InnoDB CHARACTER SET = utf8mb4 COLLATE = utf8mb4_0900_ai_ci ROW_FORMAT = Dynamic;

-- ----------------------------
-- Records of qrtz_scheduler_state
-- ----------------------------
INSERT INTO `qrtz_scheduler_state` VALUES ('clusteredScheduler', 'DESKTOP-T61UCS81612143656157', 1612190011659, 10000);

-- ----------------------------
-- Table structure for qrtz_simple_triggers
-- ----------------------------
DROP TABLE IF EXISTS `qrtz_simple_triggers`;
CREATE TABLE `qrtz_simple_triggers`  (
  `SCHED_NAME` varchar(120) CHARACTER SET utf8mb4 COLLATE utf8mb4_0900_ai_ci NOT NULL,
  `TRIGGER_NAME` varchar(190) CHARACTER SET utf8mb4 COLLATE utf8mb4_0900_ai_ci NOT NULL,
  `TRIGGER_GROUP` varchar(190) CHARACTER SET utf8mb4 COLLATE utf8mb4_0900_ai_ci NOT NULL,
  `REPEAT_COUNT` bigint(20) NOT NULL,
  `REPEAT_INTERVAL` bigint(20) NOT NULL,
  `TIMES_TRIGGERED` bigint(20) NOT NULL,
  PRIMARY KEY (`SCHED_NAME`, `TRIGGER_NAME`, `TRIGGER_GROUP`) USING BTREE,
  CONSTRAINT `qrtz_simple_triggers_ibfk_1` FOREIGN KEY (`SCHED_NAME`, `TRIGGER_NAME`, `TRIGGER_GROUP`) REFERENCES `qrtz_triggers` (`SCHED_NAME`, `TRIGGER_NAME`, `TRIGGER_GROUP`) ON DELETE RESTRICT ON UPDATE RESTRICT
) ENGINE = InnoDB CHARACTER SET = utf8mb4 COLLATE = utf8mb4_0900_ai_ci ROW_FORMAT = Dynamic;

-- ----------------------------
-- Table structure for qrtz_simprop_triggers
-- ----------------------------
DROP TABLE IF EXISTS `qrtz_simprop_triggers`;
CREATE TABLE `qrtz_simprop_triggers`  (
  `SCHED_NAME` varchar(120) CHARACTER SET utf8mb4 COLLATE utf8mb4_0900_ai_ci NOT NULL,
  `TRIGGER_NAME` varchar(190) CHARACTER SET utf8mb4 COLLATE utf8mb4_0900_ai_ci NOT NULL,
  `TRIGGER_GROUP` varchar(190) CHARACTER SET utf8mb4 COLLATE utf8mb4_0900_ai_ci NOT NULL,
  `STR_PROP_1` varchar(512) CHARACTER SET utf8mb4 COLLATE utf8mb4_0900_ai_ci NULL DEFAULT NULL,
  `STR_PROP_2` varchar(512) CHARACTER SET utf8mb4 COLLATE utf8mb4_0900_ai_ci NULL DEFAULT NULL,
  `STR_PROP_3` varchar(512) CHARACTER SET utf8mb4 COLLATE utf8mb4_0900_ai_ci NULL DEFAULT NULL,
  `INT_PROP_1` int(11) NULL DEFAULT NULL,
  `INT_PROP_2` int(11) NULL DEFAULT NULL,
  `LONG_PROP_1` bigint(20) NULL DEFAULT NULL,
  `LONG_PROP_2` bigint(20) NULL DEFAULT NULL,
  `DEC_PROP_1` decimal(13, 4) NULL DEFAULT NULL,
  `DEC_PROP_2` decimal(13, 4) NULL DEFAULT NULL,
  `BOOL_PROP_1` varchar(1) CHARACTER SET utf8mb4 COLLATE utf8mb4_0900_ai_ci NULL DEFAULT NULL,
  `BOOL_PROP_2` varchar(1) CHARACTER SET utf8mb4 COLLATE utf8mb4_0900_ai_ci NULL DEFAULT NULL,
  PRIMARY KEY (`SCHED_NAME`, `TRIGGER_NAME`, `TRIGGER_GROUP`) USING BTREE,
  CONSTRAINT `qrtz_simprop_triggers_ibfk_1` FOREIGN KEY (`SCHED_NAME`, `TRIGGER_NAME`, `TRIGGER_GROUP`) REFERENCES `qrtz_triggers` (`SCHED_NAME`, `TRIGGER_NAME`, `TRIGGER_GROUP`) ON DELETE RESTRICT ON UPDATE RESTRICT
) ENGINE = InnoDB CHARACTER SET = utf8mb4 COLLATE = utf8mb4_0900_ai_ci ROW_FORMAT = Dynamic;

-- ----------------------------
-- Table structure for qrtz_triggers
-- ----------------------------
DROP TABLE IF EXISTS `qrtz_triggers`;
CREATE TABLE `qrtz_triggers`  (
  `SCHED_NAME` varchar(120) CHARACTER SET utf8mb4 COLLATE utf8mb4_0900_ai_ci NOT NULL,
  `TRIGGER_NAME` varchar(190) CHARACTER SET utf8mb4 COLLATE utf8mb4_0900_ai_ci NOT NULL,
  `TRIGGER_GROUP` varchar(190) CHARACTER SET utf8mb4 COLLATE utf8mb4_0900_ai_ci NOT NULL,
  `JOB_NAME` varchar(190) CHARACTER SET utf8mb4 COLLATE utf8mb4_0900_ai_ci NOT NULL,
  `JOB_GROUP` varchar(190) CHARACTER SET utf8mb4 COLLATE utf8mb4_0900_ai_ci NOT NULL,
  `DESCRIPTION` varchar(250) CHARACTER SET utf8mb4 COLLATE utf8mb4_0900_ai_ci NULL DEFAULT NULL,
  `NEXT_FIRE_TIME` bigint(20) NULL DEFAULT NULL,
  `PREV_FIRE_TIME` bigint(20) NULL DEFAULT NULL,
  `PRIORITY` int(11) NULL DEFAULT NULL,
  `TRIGGER_STATE` varchar(16) CHARACTER SET utf8mb4 COLLATE utf8mb4_0900_ai_ci NOT NULL,
  `TRIGGER_TYPE` varchar(8) CHARACTER SET utf8mb4 COLLATE utf8mb4_0900_ai_ci NOT NULL,
  `START_TIME` bigint(20) NOT NULL,
  `END_TIME` bigint(20) NULL DEFAULT NULL,
  `CALENDAR_NAME` varchar(190) CHARACTER SET utf8mb4 COLLATE utf8mb4_0900_ai_ci NULL DEFAULT NULL,
  `MISFIRE_INSTR` smallint(6) NULL DEFAULT NULL,
  `JOB_DATA` blob NULL,
  PRIMARY KEY (`SCHED_NAME`, `TRIGGER_NAME`, `TRIGGER_GROUP`) USING BTREE,
  INDEX `IDX_QRTZ_T_J`(`SCHED_NAME`, `JOB_NAME`, `JOB_GROUP`) USING BTREE,
  INDEX `IDX_QRTZ_T_JG`(`SCHED_NAME`, `JOB_GROUP`) USING BTREE,
  INDEX `IDX_QRTZ_T_C`(`SCHED_NAME`, `CALENDAR_NAME`) USING BTREE,
  INDEX `IDX_QRTZ_T_G`(`SCHED_NAME`, `TRIGGER_GROUP`) USING BTREE,
  INDEX `IDX_QRTZ_T_STATE`(`SCHED_NAME`, `TRIGGER_STATE`) USING BTREE,
  INDEX `IDX_QRTZ_T_N_STATE`(`SCHED_NAME`, `TRIGGER_NAME`, `TRIGGER_GROUP`, `TRIGGER_STATE`) USING BTREE,
  INDEX `IDX_QRTZ_T_N_G_STATE`(`SCHED_NAME`, `TRIGGER_GROUP`, `TRIGGER_STATE`) USING BTREE,
  INDEX `IDX_QRTZ_T_NEXT_FIRE_TIME`(`SCHED_NAME`, `NEXT_FIRE_TIME`) USING BTREE,
  INDEX `IDX_QRTZ_T_NFT_ST`(`SCHED_NAME`, `TRIGGER_STATE`, `NEXT_FIRE_TIME`) USING BTREE,
  INDEX `IDX_QRTZ_T_NFT_MISFIRE`(`SCHED_NAME`, `MISFIRE_INSTR`, `NEXT_FIRE_TIME`) USING BTREE,
  INDEX `IDX_QRTZ_T_NFT_ST_MISFIRE`(`SCHED_NAME`, `MISFIRE_INSTR`, `NEXT_FIRE_TIME`, `TRIGGER_STATE`) USING BTREE,
  INDEX `IDX_QRTZ_T_NFT_ST_MISFIRE_GRP`(`SCHED_NAME`, `MISFIRE_INSTR`, `NEXT_FIRE_TIME`, `TRIGGER_GROUP`, `TRIGGER_STATE`) USING BTREE,
  CONSTRAINT `qrtz_triggers_ibfk_1` FOREIGN KEY (`SCHED_NAME`, `JOB_NAME`, `JOB_GROUP`) REFERENCES `qrtz_job_details` (`SCHED_NAME`, `JOB_NAME`, `JOB_GROUP`) ON DELETE RESTRICT ON UPDATE RESTRICT
) ENGINE = InnoDB CHARACTER SET = utf8mb4 COLLATE = utf8mb4_0900_ai_ci ROW_FORMAT = Dynamic;

-- ----------------------------
-- Records of qrtz_triggers
-- ----------------------------
INSERT INTO `qrtz_triggers` VALUES ('clusteredScheduler', 'trigger-测试定时任务', 'DEFAULT', '测试定时任务', 'DEFAULT', NULL, 1598449910000, 1598449905000, 5, 'PAUSED', 'CRON', 1598449818000, 0, NULL, 0, '');

-- ----------------------------
-- Table structure for sys_dict
-- ----------------------------
DROP TABLE IF EXISTS `sys_dict`;
CREATE TABLE `sys_dict`  (
  `id` bigint(20) NOT NULL COMMENT 'ID',
  `name` varchar(255) CHARACTER SET utf8mb4 COLLATE utf8mb4_general_ci NULL DEFAULT NULL COMMENT '名称',
  `code` varchar(255) CHARACTER SET utf8mb4 COLLATE utf8mb4_general_ci NULL DEFAULT NULL COMMENT '唯一编码',
  `status` tinyint(1) NULL DEFAULT 1 COMMENT '状态(0禁用:,1:正常)',
  `remarks` varchar(1000) CHARACTER SET utf8mb4 COLLATE utf8mb4_general_ci NULL DEFAULT NULL COMMENT '备注',
  `ctime` timestamp(0) NOT NULL DEFAULT CURRENT_TIMESTAMP COMMENT '创建时间',
  `utime` timestamp(0) NOT NULL DEFAULT CURRENT_TIMESTAMP ON UPDATE CURRENT_TIMESTAMP(0) COMMENT '最后更新时间',
  PRIMARY KEY (`id`) USING BTREE
) ENGINE = InnoDB CHARACTER SET = utf8mb4 COLLATE = utf8mb4_general_ci COMMENT = '系统-字典' ROW_FORMAT = Dynamic;

-- ----------------------------
-- Records of sys_dict
-- ----------------------------
INSERT INTO `sys_dict` VALUES (1325982968048529410, '床型', 'CX', 1, NULL, '2020-11-10 10:05:50', '2020-11-10 10:05:50');
INSERT INTO `sys_dict` VALUES (1325983327353581569, '餐饮', 'CY', 1, NULL, '2020-11-10 10:07:15', '2020-11-10 10:36:58');
INSERT INTO `sys_dict` VALUES (1325990867273527297, '网络', 'WL', 1, NULL, '2020-11-10 10:37:13', '2020-11-10 10:37:13');
INSERT INTO `sys_dict` VALUES (1325990925045870594, '吸烟政策', 'XYZC', 1, NULL, '2020-11-10 10:37:27', '2020-11-10 10:38:53');
INSERT INTO `sys_dict` VALUES (1326162414768545794, '客房特色', 'FEATURE', 1, NULL, '2020-11-10 21:58:53', '2020-11-10 21:58:53');
INSERT INTO `sys_dict` VALUES (1326163737501032450, '基础设施与服务', 'ENV', 1, NULL, '2020-11-10 22:04:09', '2020-11-10 22:04:09');
INSERT INTO `sys_dict` VALUES (1326167143477260290, '酒店类型', 'HOTEL_TYPE', 1, NULL, '2020-11-10 22:17:41', '2020-11-10 22:17:41');

-- ----------------------------
-- Table structure for sys_dict_detail
-- ----------------------------
DROP TABLE IF EXISTS `sys_dict_detail`;
CREATE TABLE `sys_dict_detail`  (
  `id` bigint(20) NOT NULL COMMENT 'ID',
  `dict_id` bigint(20) NULL DEFAULT NULL COMMENT '字典ID',
  `label` varchar(255) CHARACTER SET utf8mb4 COLLATE utf8mb4_general_ci NULL DEFAULT NULL COMMENT '字典标签',
  `value` varchar(255) CHARACTER SET utf8mb4 COLLATE utf8mb4_general_ci NULL DEFAULT NULL COMMENT '字典值',
  `selected` tinyint(1) NULL DEFAULT 0 COMMENT '设置默认选中(0：否，1：是)',
  `sort` int(11) NOT NULL DEFAULT 99 COMMENT '排序',
  `status` tinyint(1) NULL DEFAULT 1 COMMENT '状态(0禁用:,1:正常)',
  `remarks` varchar(1000) CHARACTER SET utf8mb4 COLLATE utf8mb4_general_ci NULL DEFAULT NULL COMMENT '备注',
  `ctime` timestamp(0) NOT NULL DEFAULT CURRENT_TIMESTAMP COMMENT '创建时间',
  `utime` timestamp(0) NOT NULL DEFAULT CURRENT_TIMESTAMP ON UPDATE CURRENT_TIMESTAMP(0) COMMENT '最后更新时间',
  PRIMARY KEY (`id`) USING BTREE
) ENGINE = InnoDB CHARACTER SET = utf8mb4 COLLATE = utf8mb4_general_ci COMMENT = '系统-字典详情' ROW_FORMAT = Dynamic;

-- ----------------------------
-- Records of sys_dict_detail
-- ----------------------------
INSERT INTO `sys_dict_detail` VALUES (1, 2, '技术基层', '技术基层', 0, 9911, 1, NULL, '2019-06-26 16:07:26', '2021-01-07 12:24:40');
INSERT INTO `sys_dict_detail` VALUES (2, 3, '专科', '专科', 0, 991, 1, NULL, '2019-06-26 17:08:19', '2021-01-07 12:24:45');
INSERT INTO `sys_dict_detail` VALUES (3, 3, '本科', '本科', 1, 99, 1, NULL, '2019-06-26 17:08:38', '2020-08-09 22:53:07');
INSERT INTO `sys_dict_detail` VALUES (5, 3, '硕士', '硕士', 0, 99, 1, NULL, '2019-06-26 17:09:05', '2019-06-26 17:09:05');
INSERT INTO `sys_dict_detail` VALUES (6, 3, '博士', '博士', 0, 99, 1, NULL, '2019-06-26 17:09:23', '2019-06-26 17:09:23');
INSERT INTO `sys_dict_detail` VALUES (7, 3, '其他', '其他', 0, 99, 1, NULL, '2019-06-26 17:09:50', '2019-06-26 17:09:50');
INSERT INTO `sys_dict_detail` VALUES (10, 2, '技术中层', '技术中层', 0, 99, 1, NULL, '2019-06-26 16:07:26', '2019-06-26 16:07:26');
INSERT INTO `sys_dict_detail` VALUES (11, 2, '技术高层', '技术高层', 0, 99, 1, NULL, '2019-06-26 16:07:26', '2019-06-26 16:07:26');
INSERT INTO `sys_dict_detail` VALUES (12, 2, '管理基层', '管理基层', 0, 99, 1, NULL, '2019-06-26 16:07:26', '2019-06-26 16:07:26');
INSERT INTO `sys_dict_detail` VALUES (13, 2, '管理中层', '管理中层', 0, 99, 1, NULL, '2019-06-26 16:07:26', '2019-06-26 16:07:26');
INSERT INTO `sys_dict_detail` VALUES (14, 2, '管理高层', '管理高层', 0, 99, 1, NULL, '2019-06-26 16:07:26', '2019-06-26 16:07:26');
INSERT INTO `sys_dict_detail` VALUES (51, 13, '在职', '在职', 0, 99, 1, NULL, '2019-07-03 23:13:00', '2019-07-03 23:13:00');
INSERT INTO `sys_dict_detail` VALUES (52, 13, '离职', '离职', 0, 99, 1, NULL, '2019-07-03 23:13:06', '2019-07-03 23:13:06');
INSERT INTO `sys_dict_detail` VALUES (53, 13, '停薪留职', '停薪留职', 0, 99, 1, NULL, '2019-07-03 23:13:13', '2019-07-03 23:13:13');
INSERT INTO `sys_dict_detail` VALUES (1325983041310437378, 1325982968048529410, '大床', '大床', 1, 9911, 1, NULL, '2020-11-10 10:06:07', '2021-01-07 12:26:06');
INSERT INTO `sys_dict_detail` VALUES (1325983123036450818, 1325982968048529410, '双床', '双床', 0, 991, 1, NULL, '2020-11-10 10:06:27', '2021-01-07 12:24:34');
INSERT INTO `sys_dict_detail` VALUES (1325983209845960706, 1325982968048529410, '多床', '多床', 0, 99, 1, NULL, '2020-11-10 10:06:47', '2020-11-10 10:06:47');
INSERT INTO `sys_dict_detail` VALUES (1325983399206203393, 1325983327353581569, '含早餐', '含早餐', 0, 99, 1, NULL, '2020-11-10 10:07:33', '2020-11-10 10:07:33');
INSERT INTO `sys_dict_detail` VALUES (1325983422916603905, 1325983327353581569, '不含早餐', '不含早餐', 1, 99, 1, NULL, '2020-11-10 10:07:38', '2020-12-08 18:17:55');
INSERT INTO `sys_dict_detail` VALUES (1325991017731600386, 1325990867273527297, '免费WiFi', '免费WiFi', 1, 991, 1, NULL, '2020-11-10 10:37:49', '2021-01-07 12:21:11');
INSERT INTO `sys_dict_detail` VALUES (1325991038380158978, 1325990867273527297, '无WiFi', '无WiFi', 0, 99, 1, NULL, '2020-11-10 10:37:54', '2020-11-10 10:37:54');
INSERT INTO `sys_dict_detail` VALUES (1325991114011848706, 1325990925045870594, '禁吸烟', '禁吸烟', 1, 99, 1, NULL, '2020-11-10 10:38:12', '2020-12-08 18:17:42');
INSERT INTO `sys_dict_detail` VALUES (1325991126083055618, 1325990925045870594, '可吸烟', '可吸烟', 0, 99, 1, NULL, '2020-11-10 10:38:15', '2020-11-10 10:38:15');
INSERT INTO `sys_dict_detail` VALUES (1326164126631780353, 1326163737501032450, 'Street Parking', 'Street Parking', 0, 99, 1, NULL, '2020-11-10 22:05:41', '2020-11-10 22:05:41');
INSERT INTO `sys_dict_detail` VALUES (1326164357142339586, 1326163737501032450, 'Free Wifi', 'Free Wifi', 0, 99, 1, NULL, '2020-11-10 22:06:36', '2020-11-10 22:06:36');
INSERT INTO `sys_dict_detail` VALUES (1326164377530851329, 1326163737501032450, 'CCTV', 'CCTV', 0, 99, 1, NULL, '2020-11-10 22:06:41', '2020-11-10 22:06:41');
INSERT INTO `sys_dict_detail` VALUES (1326164398527537154, 1326163737501032450, 'Luggage Storage', 'Luggage Storage', 0, 99, 1, NULL, '2020-11-10 22:06:46', '2020-11-10 22:06:46');
INSERT INTO `sys_dict_detail` VALUES (1326164420853817346, 1326163737501032450, 'Laundry Service', 'Laundry Service', 0, 99, 1, NULL, '2020-11-10 22:06:52', '2020-11-10 22:06:52');
INSERT INTO `sys_dict_detail` VALUES (1326164446669758466, 1326163737501032450, '24 Hours Front Desk Service', '24 Hours Front Desk Service', 0, 99, 1, NULL, '2020-11-10 22:06:58', '2020-11-10 22:06:58');
INSERT INTO `sys_dict_detail` VALUES (1326164473190342658, 1326163737501032450, 'Shared lounge', 'Shared lounge', 0, 99, 1, NULL, '2020-11-10 22:07:04', '2020-11-10 22:07:04');
INSERT INTO `sys_dict_detail` VALUES (1326164495218827265, 1326163737501032450, 'Lift / Elevator', 'Lift / Elevator', 0, 99, 1, NULL, '2020-11-10 22:07:09', '2020-11-10 22:07:09');
INSERT INTO `sys_dict_detail` VALUES (1326164516295204866, 1326163737501032450, 'Vending Machines', 'Vending Machines', 0, 99, 1, NULL, '2020-11-10 22:07:14', '2020-11-10 22:07:14');
INSERT INTO `sys_dict_detail` VALUES (1326164539410014210, 1326163737501032450, 'Wheelchair Accessible', 'Wheelchair Accessible', 0, 99, 1, NULL, '2020-11-10 22:07:20', '2020-11-10 22:07:20');
INSERT INTO `sys_dict_detail` VALUES (1326164557936254978, 1326163737501032450, 'Rental service', 'Rental service', 0, 99, 1, NULL, '2020-11-10 22:07:24', '2020-11-10 22:07:24');
INSERT INTO `sys_dict_detail` VALUES (1326164580044431361, 1326163737501032450, 'Daily Housekeeping Service', 'Daily Housekeeping Service', 0, 99, 1, NULL, '2020-11-10 22:07:29', '2020-11-10 22:07:29');
INSERT INTO `sys_dict_detail` VALUES (1326164601309552641, 1326163737501032450, 'Non-smoking Rooms', 'Non-smoking Rooms', 0, 99, 1, NULL, '2020-11-10 22:07:35', '2020-11-10 22:07:35');
INSERT INTO `sys_dict_detail` VALUES (1326164619718352898, 1326163737501032450, 'Family Rooms', 'Family Rooms', 0, 99, 1, NULL, '2020-11-10 22:07:39', '2020-11-10 22:07:39');
INSERT INTO `sys_dict_detail` VALUES (1326164640748593154, 1326163737501032450, 'Room Service', 'Room Service', 0, 99, 1, NULL, '2020-11-10 22:07:44', '2020-11-10 22:07:44');
INSERT INTO `sys_dict_detail` VALUES (1326164663829848065, 1326163737501032450, 'Meeting / Banquet Service', 'Meeting / Banquet Service', 0, 99, 1, NULL, '2020-11-10 22:07:49', '2020-11-10 22:07:49');
INSERT INTO `sys_dict_detail` VALUES (1326165117246693378, 1326162414768545794, 'Air-conditioning', 'Air-conditioning', 0, 99, 1, NULL, '2020-11-10 22:09:38', '2020-11-10 22:09:38');
INSERT INTO `sys_dict_detail` VALUES (1326165136502743042, 1326162414768545794, 'Free Wi-Fi', 'Free Wi-Fi', 0, 99, 1, NULL, '2020-11-10 22:09:42', '2020-11-10 22:09:42');
INSERT INTO `sys_dict_detail` VALUES (1326165154672467969, 1326162414768545794, 'Smoke Detector', 'Smoke Detector', 0, 99, 1, NULL, '2020-11-10 22:09:46', '2020-11-10 22:09:46');
INSERT INTO `sys_dict_detail` VALUES (1326165170963144705, 1326162414768545794, 'Flat Screen TV', 'Flat Screen TV', 0, 99, 1, NULL, '2020-11-10 22:09:50', '2020-11-10 22:09:50');
INSERT INTO `sys_dict_detail` VALUES (1326165196258992130, 1326162414768545794, 'Satellite TV Channels', 'Satellite TV Channels', 0, 99, 1, NULL, '2020-11-10 22:09:56', '2020-11-10 22:09:56');
INSERT INTO `sys_dict_detail` VALUES (1326165213677936642, 1326162414768545794, 'Direct Dial Phone', 'Direct Dial Phone', 0, 99, 1, NULL, '2020-11-10 22:10:01', '2020-11-10 22:10:01');
INSERT INTO `sys_dict_detail` VALUES (1326165231675695106, 1326162414768545794, 'Coffee and Tea Maker', 'Coffee and Tea Maker', 0, 99, 1, NULL, '2020-11-10 22:10:05', '2020-11-10 22:10:05');
INSERT INTO `sys_dict_detail` VALUES (1326165251074351105, 1326162414768545794, 'Tea and Coffee Sachet', 'Tea and Coffee Sachet', 0, 99, 1, NULL, '2020-11-10 22:10:09', '2020-11-10 22:10:09');
INSERT INTO `sys_dict_detail` VALUES (1326165278169554946, 1326162414768545794, 'Bottled Water', 'Bottled Water', 0, 99, 1, NULL, '2020-11-10 22:10:16', '2020-11-10 22:10:16');
INSERT INTO `sys_dict_detail` VALUES (1326165370515546113, 1326162414768545794, 'Electric Kettle', 'Electric Kettle', 0, 99, 1, NULL, '2020-11-10 22:10:38', '2020-11-10 22:10:38');
INSERT INTO `sys_dict_detail` VALUES (1326165390149083138, 1326162414768545794, 'Mini Bar', 'Mini Bar', 0, 99, 1, NULL, '2020-11-10 22:10:43', '2020-11-10 22:10:43');
INSERT INTO `sys_dict_detail` VALUES (1326165408041984001, 1326162414768545794, 'Refrigerator', 'Refrigerator', 0, 99, 1, NULL, '2020-11-10 22:10:47', '2020-11-10 22:10:47');
INSERT INTO `sys_dict_detail` VALUES (1326165424961806338, 1326162414768545794, 'Private Bathroom', 'Private Bathroom', 0, 99, 1, NULL, '2020-11-10 22:10:51', '2020-11-10 22:10:51');
INSERT INTO `sys_dict_detail` VALUES (1326165442200395777, 1326162414768545794, 'Toiletries', 'Toiletries', 0, 99, 1, NULL, '2020-11-10 22:10:55', '2020-11-10 22:10:55');
INSERT INTO `sys_dict_detail` VALUES (1326165460282040321, 1326162414768545794, 'Mirror', 'Mirror', 0, 99, 1, NULL, '2020-11-10 22:10:59', '2020-11-10 22:10:59');
INSERT INTO `sys_dict_detail` VALUES (1326165476992147457, 1326162414768545794, 'Towels', 'Towels', 0, 99, 1, NULL, '2020-11-10 22:11:03', '2020-11-10 22:11:03');
INSERT INTO `sys_dict_detail` VALUES (1326165493136023554, 1326162414768545794, 'Hair Dryer', 'Hair Dryer', 0, 99, 1, NULL, '2020-11-10 22:11:07', '2020-11-10 22:11:07');
INSERT INTO `sys_dict_detail` VALUES (1326165514623442946, 1326162414768545794, 'Room Slippers', 'Room Slippers', 0, 99, 1, NULL, '2020-11-10 22:11:12', '2020-11-10 22:11:12');
INSERT INTO `sys_dict_detail` VALUES (1326167220543401986, 1326167143477260290, '快捷型', '快捷型', 0, 99, 1, NULL, '2020-11-10 22:17:59', '2020-11-10 22:17:59');
INSERT INTO `sys_dict_detail` VALUES (1326167244010532865, 1326167143477260290, '经济型', '经济型', 0, 99, 1, NULL, '2020-11-10 22:18:05', '2020-11-10 22:18:05');
INSERT INTO `sys_dict_detail` VALUES (1326167261949571073, 1326167143477260290, '商务型', '商务型', 0, 99, 1, NULL, '2020-11-10 22:18:09', '2020-11-10 22:18:09');
INSERT INTO `sys_dict_detail` VALUES (1326167279175577601, 1326167143477260290, '度假型', '度假型', 0, 99, 1, NULL, '2020-11-10 22:18:13', '2020-11-10 22:18:13');
INSERT INTO `sys_dict_detail` VALUES (1326167295302676482, 1326167143477260290, '主题型', '主题型', 0, 99, 1, NULL, '2020-11-10 22:18:17', '2020-11-10 22:18:17');
INSERT INTO `sys_dict_detail` VALUES (1326167312390270977, 1326167143477260290, '公寓型', '公寓型', 0, 99, 1, NULL, '2020-11-10 22:18:21', '2020-11-10 22:18:21');
INSERT INTO `sys_dict_detail` VALUES (1326167330358669313, 1326167143477260290, '会议型', '会议型', 0, 99, 1, NULL, '2020-11-10 22:18:25', '2020-11-10 22:18:25');

-- ----------------------------
-- Table structure for sys_file
-- ----------------------------
DROP TABLE IF EXISTS `sys_file`;
CREATE TABLE `sys_file`  (
  `id` bigint(20) NOT NULL COMMENT 'ID',
  `pid` bigint(20) NULL DEFAULT NULL COMMENT '关联',
  `name` varchar(255) CHARACTER SET utf8mb4 COLLATE utf8mb4_general_ci NULL DEFAULT NULL COMMENT '名称',
  `type` varchar(255) CHARACTER SET utf8mb4 COLLATE utf8mb4_general_ci NULL DEFAULT NULL COMMENT '类型',
  `size` bigint(20) NULL DEFAULT NULL COMMENT '大小',
  `path` varchar(255) CHARACTER SET utf8mb4 COLLATE utf8mb4_general_ci NULL DEFAULT NULL COMMENT '存放相对路径',
  `text` varchar(255) CHARACTER SET utf8mb4 COLLATE utf8mb4_general_ci NULL DEFAULT NULL COMMENT '说明',
  `href` varchar(500) CHARACTER SET utf8mb4 COLLATE utf8mb4_general_ci NULL DEFAULT NULL COMMENT '点击后跳转URL',
  `ctime` timestamp(0) NOT NULL DEFAULT CURRENT_TIMESTAMP COMMENT '创建时间',
  PRIMARY KEY (`id`) USING BTREE
) ENGINE = InnoDB CHARACTER SET = utf8mb4 COLLATE = utf8mb4_general_ci COMMENT = '系统-文件表' ROW_FORMAT = Dynamic;

-- ----------------------------
-- Table structure for sys_log
-- ----------------------------
DROP TABLE IF EXISTS `sys_log`;
CREATE TABLE `sys_log`  (
  `id` bigint(20) NOT NULL AUTO_INCREMENT COMMENT '编号',
  `type` int(11) NULL DEFAULT 1 COMMENT '日志类型：1->登录/登出，2->业务，3->异常',
  `username` varchar(64) CHARACTER SET utf8 COLLATE utf8_general_ci NULL DEFAULT NULL COMMENT '操作用户',
  `remote_addr` varchar(255) CHARACTER SET utf8 COLLATE utf8_general_ci NULL DEFAULT NULL COMMENT 'IP地址',
  `title` varchar(255) CHARACTER SET utf8 COLLATE utf8_general_ci NULL DEFAULT '' COMMENT '日志标题',
  `request_uri` varchar(255) CHARACTER SET utf8 COLLATE utf8_general_ci NULL DEFAULT NULL COMMENT '请求URI',
  `method` varchar(10) CHARACTER SET utf8 COLLATE utf8_general_ci NULL DEFAULT NULL COMMENT '请求方式',
  `params` text CHARACTER SET utf8 COLLATE utf8_general_ci NULL COMMENT '请求数据',
  `user_agent` varchar(1000) CHARACTER SET utf8 COLLATE utf8_general_ci NULL DEFAULT NULL COMMENT '用户代理',
  `time` bigint(20) NULL DEFAULT NULL COMMENT '执行时间',
  `class_name` varchar(255) CHARACTER SET utf8 COLLATE utf8_general_ci NULL DEFAULT NULL COMMENT '执行对象',
  `method_name` varchar(255) CHARACTER SET utf8 COLLATE utf8_general_ci NULL DEFAULT NULL COMMENT '执行方法',
  `exception` text CHARACTER SET utf8 COLLATE utf8_general_ci NULL COMMENT '异常信息',
  `ctime` timestamp(0) NULL DEFAULT CURRENT_TIMESTAMP COMMENT '创建时间',
  `utime` timestamp(0) NULL DEFAULT NULL ON UPDATE CURRENT_TIMESTAMP(0) COMMENT '更新时间',
  PRIMARY KEY (`id`) USING BTREE,
  INDEX `sys_log_create_by`(`username`) USING BTREE,
  INDEX `sys_log_request_uri`(`request_uri`) USING BTREE,
  INDEX `sys_log_type`(`type`) USING BTREE,
  INDEX `sys_log_create_date`(`ctime`) USING BTREE
) ENGINE = InnoDB AUTO_INCREMENT = 1551 CHARACTER SET = utf8 COLLATE = utf8_general_ci COMMENT = '系统-日志表' ROW_FORMAT = Dynamic;

-- ----------------------------
-- Records of sys_log
-- ----------------------------
INSERT INTO `sys_log` VALUES (1019, 1, 'admin', '127.0.0.1', '用户登出', '/system/sysuser/logout', 'GET', '', 'Mozilla/5.0 (Windows NT 10.0; Win64; x64) AppleWebKit/537.36 (KHTML, like Gecko) Chrome/87.0.4280.66 Safari/537.36', NULL, NULL, NULL, NULL, '2021-01-16 21:36:35', '2021-01-16 21:36:35');
INSERT INTO `sys_log` VALUES (1020, 1, 'admin', '127.0.0.1', '用户登录', '/system/sysuser/login', 'POST', '', 'Mozilla/5.0 (Windows NT 10.0; Win64; x64) AppleWebKit/537.36 (KHTML, like Gecko) Chrome/87.0.4280.66 Safari/537.36', NULL, NULL, NULL, NULL, '2021-01-16 21:36:37', '2021-01-16 21:36:37');
INSERT INTO `sys_log` VALUES (1021, 3, 'admin', '127.0.0.1', '查询系统用户列表', '/system/sysuser/page', 'GET', 'page=%5B1%5D&limit=%5B10%5D', 'Mozilla/5.0 (Windows NT 10.0; Win64; x64) AppleWebKit/537.36 (KHTML, like Gecko) Chrome/87.0.4280.66 Safari/537.36', 15, NULL, NULL, NULL, '2021-01-16 21:38:23', '2021-01-16 21:38:23');
INSERT INTO `sys_log` VALUES (1022, 3, 'admin', '127.0.0.1', '查询系统用户列表', '/system/sysuser/page', 'GET', 'page=%5B1%5D&limit=%5B10%5D', 'Mozilla/5.0 (Windows NT 10.0; Win64; x64) AppleWebKit/537.36 (KHTML, like Gecko) Chrome/87.0.4280.66 Safari/537.36', 17, NULL, NULL, NULL, '2021-01-16 21:41:42', '2021-01-16 21:41:42');
INSERT INTO `sys_log` VALUES (1023, 3, 'admin', '127.0.0.1', '查询系统用户列表', '/system/sysuser/page', 'GET', 'page=%5B1%5D&limit=%5B10%5D', 'Mozilla/5.0 (Windows NT 10.0; Win64; x64) AppleWebKit/537.36 (KHTML, like Gecko) Chrome/87.0.4280.66 Safari/537.36', 17, NULL, NULL, NULL, '2021-01-16 21:44:56', '2021-01-16 21:44:56');
INSERT INTO `sys_log` VALUES (1024, 3, 'admin', '127.0.0.1', '查询系统用户列表', '/system/sysuser/page', 'GET', 'page=%5B1%5D&limit=%5B10%5D', 'Mozilla/5.0 (Windows NT 10.0; Win64; x64) AppleWebKit/537.36 (KHTML, like Gecko) Chrome/87.0.4280.66 Safari/537.36', 6, NULL, NULL, NULL, '2021-01-16 21:45:15', '2021-01-16 21:45:15');
INSERT INTO `sys_log` VALUES (1025, 3, 'admin', '127.0.0.1', '查询系统用户列表', '/system/sysuser/page', 'GET', 'page=%5B1%5D&limit=%5B10%5D', 'Mozilla/5.0 (Windows NT 10.0; Win64; x64) AppleWebKit/537.36 (KHTML, like Gecko) Chrome/87.0.4280.66 Safari/537.36', 9, NULL, NULL, NULL, '2021-01-16 21:57:59', '2021-01-16 21:57:59');
INSERT INTO `sys_log` VALUES (1026, 3, 'admin', '127.0.0.1', '查询系统用户列表', '/system/sysuser/page', 'GET', 'page=%5B1%5D&limit=%5B10%5D', 'Mozilla/5.0 (Windows NT 10.0; Win64; x64) AppleWebKit/537.36 (KHTML, like Gecko) Chrome/87.0.4280.66 Safari/537.36', 8, NULL, NULL, NULL, '2021-01-16 21:58:04', '2021-01-16 21:58:04');
INSERT INTO `sys_log` VALUES (1027, 3, 'admin', '127.0.0.1', '查询系统用户列表', '/system/sysuser/page', 'GET', 'page=%5B1%5D&limit=%5B10%5D', 'Mozilla/5.0 (Windows NT 10.0; Win64; x64) AppleWebKit/537.36 (KHTML, like Gecko) Chrome/87.0.4280.66 Safari/537.36', 6, NULL, NULL, NULL, '2021-01-16 21:59:13', '2021-01-16 21:59:13');
INSERT INTO `sys_log` VALUES (1028, 3, 'admin', '127.0.0.1', '查询系统用户列表', '/system/sysuser/page', 'GET', 'page=%5B1%5D&limit=%5B10%5D', 'Mozilla/5.0 (Windows NT 10.0; Win64; x64) AppleWebKit/537.36 (KHTML, like Gecko) Chrome/87.0.4280.66 Safari/537.36', 5, NULL, NULL, NULL, '2021-01-16 21:59:25', '2021-01-16 21:59:25');
INSERT INTO `sys_log` VALUES (1029, 3, 'admin', '127.0.0.1', '查询系统用户列表', '/system/sysuser/page', 'GET', 'page=%5B1%5D&limit=%5B10%5D', 'Mozilla/5.0 (Windows NT 10.0; Win64; x64) AppleWebKit/537.36 (KHTML, like Gecko) Chrome/87.0.4280.66 Safari/537.36', 8, NULL, NULL, NULL, '2021-01-16 21:59:34', '2021-01-16 21:59:34');
INSERT INTO `sys_log` VALUES (1030, 3, 'admin', '127.0.0.1', '查询系统用户列表', '/system/sysuser/page', 'GET', 'page=%5B1%5D&limit=%5B10%5D', 'Mozilla/5.0 (Windows NT 10.0; Win64; x64) AppleWebKit/537.36 (KHTML, like Gecko) Chrome/87.0.4280.66 Safari/537.36', 6, NULL, NULL, NULL, '2021-01-16 21:59:36', '2021-01-16 21:59:36');
INSERT INTO `sys_log` VALUES (1031, 3, 'admin', '127.0.0.1', '查询系统用户列表', '/system/sysuser/page', 'GET', 'page=%5B1%5D&limit=%5B10%5D', 'Mozilla/5.0 (Windows NT 10.0; Win64; x64) AppleWebKit/537.36 (KHTML, like Gecko) Chrome/87.0.4280.66 Safari/537.36', 6, NULL, NULL, NULL, '2021-01-16 22:01:15', '2021-01-16 22:01:15');
INSERT INTO `sys_log` VALUES (1032, 1, 'admin', '127.0.0.1', '用户登录', '/system/sysuser/login', 'POST', '', 'Mozilla/5.0 (Windows NT 10.0; Win64; x64) AppleWebKit/537.36 (KHTML, like Gecko) Chrome/87.0.4280.66 Safari/537.36', NULL, NULL, NULL, NULL, '2021-01-16 22:10:37', '2021-01-16 22:10:37');
INSERT INTO `sys_log` VALUES (1033, 3, 'admin', '127.0.0.1', '查询系统用户列表', '/system/sysuser/page', 'GET', 'page=%5B1%5D&limit=%5B10%5D', 'Mozilla/5.0 (Windows NT 10.0; Win64; x64) AppleWebKit/537.36 (KHTML, like Gecko) Chrome/87.0.4280.66 Safari/537.36', 6, NULL, NULL, NULL, '2021-01-16 22:10:48', '2021-01-16 22:10:48');
INSERT INTO `sys_log` VALUES (1034, 1, 'admin', '127.0.0.1', '用户登录', '/system/sysuser/login', 'POST', '', 'Mozilla/5.0 (Windows NT 10.0; Win64; x64) AppleWebKit/537.36 (KHTML, like Gecko) Chrome/87.0.4280.66 Safari/537.36', NULL, NULL, NULL, NULL, '2021-01-16 23:09:02', '2021-01-16 23:09:02');
INSERT INTO `sys_log` VALUES (1035, 1, 'admin', '127.0.0.1', '用户登录', '/system/sysuser/login', 'POST', '', 'Mozilla/5.0 (Windows NT 10.0; Win64; x64) AppleWebKit/537.36 (KHTML, like Gecko) Chrome/87.0.4280.66 Safari/537.36', NULL, NULL, NULL, NULL, '2021-01-17 12:10:11', '2021-01-17 12:10:11');
INSERT INTO `sys_log` VALUES (1036, 1, 'admin', '127.0.0.1', '用户登录', '/system/sysuser/login', 'POST', '', 'Mozilla/5.0 (Windows NT 10.0; Win64; x64) AppleWebKit/537.36 (KHTML, like Gecko) Chrome/87.0.4280.66 Safari/537.36', NULL, NULL, NULL, NULL, '2021-01-17 13:46:34', '2021-01-17 13:46:34');
INSERT INTO `sys_log` VALUES (1037, 4, 'admin', '127.0.0.1', '查询系统用户列表', '/system/sysuser/page', 'GET', 'page=%5B1%5D&limit=%5B10%5D', 'Mozilla/5.0 (Windows NT 10.0; Win64; x64) AppleWebKit/537.36 (KHTML, like Gecko) Chrome/87.0.4280.66 Safari/537.36', NULL, NULL, NULL, '/ by zero', '2021-01-17 13:56:34', '2021-01-17 13:56:34');
INSERT INTO `sys_log` VALUES (1038, 4, 'admin', '127.0.0.1', '查询系统用户列表', '/system/sysuser/page', 'GET', 'page=%5B1%5D&limit=%5B10%5D', 'Mozilla/5.0 (Windows NT 10.0; Win64; x64) AppleWebKit/537.36 (KHTML, like Gecko) Chrome/87.0.4280.66 Safari/537.36', NULL, NULL, NULL, '/ by zero', '2021-01-17 13:57:10', '2021-01-17 13:57:10');
INSERT INTO `sys_log` VALUES (1039, 4, 'admin', '127.0.0.1', '查询系统用户列表', '/system/sysuser/page', 'GET', 'page=%5B1%5D&limit=%5B10%5D', 'Mozilla/5.0 (Windows NT 10.0; Win64; x64) AppleWebKit/537.36 (KHTML, like Gecko) Chrome/87.0.4280.66 Safari/537.36', NULL, NULL, NULL, '/ by zero', '2021-01-17 14:01:25', '2021-01-17 14:01:25');
INSERT INTO `sys_log` VALUES (1040, 4, 'admin', '127.0.0.1', '查询系统用户列表', '/system/sysuser/page', 'GET', 'page=%5B1%5D&limit=%5B10%5D', 'Mozilla/5.0 (Windows NT 10.0; Win64; x64) AppleWebKit/537.36 (KHTML, like Gecko) Chrome/87.0.4280.66 Safari/537.36', NULL, NULL, NULL, '/ by zero', '2021-01-17 14:07:45', '2021-01-17 14:07:45');
INSERT INTO `sys_log` VALUES (1041, 4, 'admin', '127.0.0.1', '查询系统用户列表', '/system/sysuser/page', 'GET', 'page=%5B1%5D&limit=%5B10%5D', 'Mozilla/5.0 (Windows NT 10.0; Win64; x64) AppleWebKit/537.36 (KHTML, like Gecko) Chrome/87.0.4280.66 Safari/537.36', NULL, NULL, NULL, '/ by zero', '2021-01-17 14:13:26', '2021-01-17 14:13:26');
INSERT INTO `sys_log` VALUES (1042, 4, 'admin', '127.0.0.1', '查询系统用户列表', '/system/sysuser/page', 'GET', 'page=%5B1%5D&limit=%5B10%5D', 'Mozilla/5.0 (Windows NT 10.0; Win64; x64) AppleWebKit/537.36 (KHTML, like Gecko) Chrome/87.0.4280.66 Safari/537.36', NULL, NULL, NULL, '/ by zero', '2021-01-17 14:14:59', '2021-01-17 14:14:59');
INSERT INTO `sys_log` VALUES (1043, 4, 'admin', '127.0.0.1', '查询系统用户列表', '/system/sysuser/page', 'GET', 'page=%5B1%5D&limit=%5B10%5D&keyword=%5Baaaaaaaa%5D&status=%5B2%5D', 'Mozilla/5.0 (Windows NT 10.0; Win64; x64) AppleWebKit/537.36 (KHTML, like Gecko) Chrome/87.0.4280.66 Safari/537.36', NULL, NULL, NULL, '/ by zero', '2021-01-17 14:15:49', '2021-01-17 14:15:49');
INSERT INTO `sys_log` VALUES (1044, 4, 'admin', '127.0.0.1', '查询系统用户列表', '/system/sysuser/page', 'GET', 'page=%5B1%5D&limit=%5B10%5D&keyword=%5Baaaaaaaa%5D&status=%5B2%5D', 'Mozilla/5.0 (Windows NT 10.0; Win64; x64) AppleWebKit/537.36 (KHTML, like Gecko) Chrome/87.0.4280.66 Safari/537.36', NULL, NULL, NULL, '/ by zero', '2021-01-17 14:19:58', '2021-01-17 14:19:58');
INSERT INTO `sys_log` VALUES (1045, 4, 'admin', '127.0.0.1', '查询系统用户列表', '/system/sysuser/page', 'GET', '{\"limit\":\"10\",\"page\":\"1\",\"keyword\":\"aaaaaaaa\",\"status\":\"2\"}', 'Mozilla/5.0 (Windows NT 10.0; Win64; x64) AppleWebKit/537.36 (KHTML, like Gecko) Chrome/87.0.4280.66 Safari/537.36', NULL, NULL, NULL, '/ by zero', '2021-01-17 14:21:31', '2021-01-17 14:21:31');
INSERT INTO `sys_log` VALUES (1046, 4, 'admin', '127.0.0.1', '查询系统用户列表', '/system/sysuser/page', 'GET', '{\"limit\":\"10\",\"page\":\"1\"}', 'Mozilla/5.0 (Windows NT 10.0; Win64; x64) AppleWebKit/537.36 (KHTML, like Gecko) Chrome/87.0.4280.66 Safari/537.36', NULL, NULL, NULL, '/ by zero', '2021-01-17 14:22:03', '2021-01-17 14:22:03');
INSERT INTO `sys_log` VALUES (1047, 4, 'admin', '127.0.0.1', '查询系统用户列表', '/system/sysuser/page', 'GET', '{\"limit\":\"10\",\"page\":\"1\"}', 'Mozilla/5.0 (Windows NT 10.0; Win64; x64) AppleWebKit/537.36 (KHTML, like Gecko) Chrome/87.0.4280.66 Safari/537.36', NULL, NULL, NULL, '/ by zero', '2021-01-17 14:23:55', '2021-01-17 14:23:55');
INSERT INTO `sys_log` VALUES (1048, 4, 'admin', '127.0.0.1', '查询系统用户列表', '/system/sysuser/page', 'GET', '{\"limit\":\"10\",\"page\":\"1\"}', 'Mozilla/5.0 (Windows NT 10.0; Win64; x64) AppleWebKit/537.36 (KHTML, like Gecko) Chrome/87.0.4280.66 Safari/537.36', NULL, NULL, NULL, '/ by zero', '2021-01-17 14:25:58', '2021-01-17 14:25:58');
INSERT INTO `sys_log` VALUES (1049, 4, 'admin', '127.0.0.1', '查询系统用户列表', '/system/sysuser/page', 'GET', '{\"limit\":\"10\",\"page\":\"1\"}', 'Mozilla/5.0 (Windows NT 10.0; Win64; x64) AppleWebKit/537.36 (KHTML, like Gecko) Chrome/87.0.4280.66 Safari/537.36', NULL, NULL, NULL, '/ by zero', '2021-01-17 14:26:00', '2021-01-17 14:26:00');
INSERT INTO `sys_log` VALUES (1050, 1, 'admin', '127.0.0.1', '用户登录', '/system/sysuser/login', 'POST', '{}', 'Mozilla/5.0 (Windows NT 10.0; Win64; x64) AppleWebKit/537.36 (KHTML, like Gecko) Chrome/87.0.4280.66 Safari/537.36', NULL, NULL, NULL, NULL, '2021-01-17 19:06:12', '2021-01-17 19:06:12');
INSERT INTO `sys_log` VALUES (1051, 4, 'admin', '127.0.0.1', '查询系统用户列表', '/system/sysuser/page', 'GET', '{\"limit\":\"10\",\"page\":\"1\"}', 'Mozilla/5.0 (Windows NT 10.0; Win64; x64) AppleWebKit/537.36 (KHTML, like Gecko) Chrome/87.0.4280.66 Safari/537.36', NULL, NULL, NULL, '/ by zero', '2021-01-17 19:11:43', '2021-01-17 19:11:43');
INSERT INTO `sys_log` VALUES (1052, 4, 'admin', '127.0.0.1', '查询系统用户列表', '/system/sysuser/page', 'GET', '{\"limit\":\"10\",\"page\":\"1\"}', 'Mozilla/5.0 (Windows NT 10.0; Win64; x64) AppleWebKit/537.36 (KHTML, like Gecko) Chrome/87.0.4280.66 Safari/537.36', NULL, 'com.quan.system.web.controller.SysUserController', 'queryPage', '/ by zero', '2021-01-17 19:13:41', '2021-01-17 19:13:41');
INSERT INTO `sys_log` VALUES (1053, 3, 'admin', '127.0.0.1', '查询系统用户列表', '/system/sysuser/page', 'GET', '{\"limit\":\"10\",\"page\":\"1\"}', 'Mozilla/5.0 (Windows NT 10.0; Win64; x64) AppleWebKit/537.36 (KHTML, like Gecko) Chrome/87.0.4280.66 Safari/537.36', 185, 'com.quan.system.web.controller.SysUserController', 'queryPage', NULL, '2021-01-17 19:21:15', '2021-01-17 19:21:15');
INSERT INTO `sys_log` VALUES (1054, 1, 'admin', '127.0.0.1', '用户登录', '/system/sysuser/login', 'POST', '{}', 'Mozilla/5.0 (Windows NT 10.0; Win64; x64) AppleWebKit/537.36 (KHTML, like Gecko) Chrome/87.0.4280.66 Safari/537.36', NULL, NULL, NULL, NULL, '2021-01-17 20:39:32', '2021-01-17 20:39:32');
INSERT INTO `sys_log` VALUES (1055, 3, 'admin', '127.0.0.1', '查询系统用户列表', '/system/sysuser/page', 'GET', '{\"limit\":\"10\",\"page\":\"1\"}', 'Mozilla/5.0 (Windows NT 10.0; Win64; x64) AppleWebKit/537.36 (KHTML, like Gecko) Chrome/87.0.4280.66 Safari/537.36', 14, 'com.quan.system.web.controller.SysUserController', 'queryPage', NULL, '2021-01-17 20:39:41', '2021-01-17 20:39:41');
INSERT INTO `sys_log` VALUES (1056, 3, 'admin', '127.0.0.1', '查询系统用户列表', '/system/sysuser/page', 'GET', '{\"limit\":\"10\",\"page\":\"1\"}', 'Mozilla/5.0 (Windows NT 10.0; Win64; x64) AppleWebKit/537.36 (KHTML, like Gecko) Chrome/87.0.4280.66 Safari/537.36', 31, 'com.quan.system.web.controller.SysUserController', 'queryPage', NULL, '2021-01-17 20:56:45', '2021-01-17 20:56:45');
INSERT INTO `sys_log` VALUES (1057, 1, 'admin', '127.0.0.1', '用户登录', '/system/sysuser/login', 'POST', '{}', 'Mozilla/5.0 (Windows NT 10.0; Win64; x64) AppleWebKit/537.36 (KHTML, like Gecko) Chrome/87.0.4280.66 Safari/537.36', NULL, NULL, NULL, NULL, '2021-01-17 21:30:10', '2021-01-17 21:30:10');
INSERT INTO `sys_log` VALUES (1058, 1, '0002', '127.0.0.1', '用户登录', '/system/sysuser/login', 'POST', '{}', 'Mozilla/5.0 (Windows NT 10.0; Win64; x64) AppleWebKit/537.36 (KHTML, like Gecko) Chrome/87.0.4280.66 Safari/537.36', NULL, NULL, NULL, NULL, '2021-01-17 22:04:24', '2021-01-17 22:04:24');
INSERT INTO `sys_log` VALUES (1059, 1, '0002', '127.0.0.1', '用户登出', '/system/sysuser/logout', 'GET', '{}', 'Mozilla/5.0 (Windows NT 10.0; Win64; x64) AppleWebKit/537.36 (KHTML, like Gecko) Chrome/87.0.4280.66 Safari/537.36', NULL, NULL, NULL, NULL, '2021-01-17 22:04:30', '2021-01-17 22:04:30');
INSERT INTO `sys_log` VALUES (1060, 1, 'admin', '127.0.0.1', '用户登录', '/system/sysuser/login', 'POST', '{}', 'Mozilla/5.0 (Windows NT 10.0; Win64; x64) AppleWebKit/537.36 (KHTML, like Gecko) Chrome/87.0.4280.66 Safari/537.36', NULL, NULL, NULL, NULL, '2021-01-17 22:04:33', '2021-01-17 22:04:33');
INSERT INTO `sys_log` VALUES (1061, 1, '0002', '127.0.0.1', '用户登录', '/system/sysuser/login', 'POST', '{}', 'Mozilla/5.0 (Windows NT 10.0; Win64; x64) AppleWebKit/537.36 (KHTML, like Gecko) Chrome/87.0.4280.66 Safari/537.36', NULL, NULL, NULL, NULL, '2021-01-18 10:50:42', '2021-01-18 10:50:42');
INSERT INTO `sys_log` VALUES (1062, 1, '0002', '127.0.0.1', '用户登录', '/system/sysuser/login', 'POST', '{}', 'Mozilla/5.0 (Windows NT 10.0; Win64; x64) AppleWebKit/537.36 (KHTML, like Gecko) Chrome/87.0.4280.66 Safari/537.36', NULL, NULL, NULL, NULL, '2021-01-18 11:12:35', '2021-01-18 11:12:35');
INSERT INTO `sys_log` VALUES (1063, 1, '0002', '127.0.0.1', '用户登录', '/system/sysuser/login', 'POST', '{}', 'Mozilla/5.0 (Windows NT 10.0; Win64; x64) AppleWebKit/537.36 (KHTML, like Gecko) Chrome/87.0.4280.66 Safari/537.36', NULL, NULL, NULL, NULL, '2021-01-18 11:12:57', '2021-01-18 11:12:57');
INSERT INTO `sys_log` VALUES (1064, 1, '0002', '127.0.0.1', '用户登出', '/system/sysuser/logout', 'GET', '{}', 'Mozilla/5.0 (Windows NT 10.0; Win64; x64) AppleWebKit/537.36 (KHTML, like Gecko) Chrome/87.0.4280.66 Safari/537.36', NULL, NULL, NULL, NULL, '2021-01-18 11:13:01', '2021-01-18 11:13:01');
INSERT INTO `sys_log` VALUES (1065, 1, 'admin', '127.0.0.1', '用户登录', '/system/sysuser/login', 'POST', '{}', 'Mozilla/5.0 (Windows NT 10.0; Win64; x64) AppleWebKit/537.36 (KHTML, like Gecko) Chrome/87.0.4280.66 Safari/537.36', NULL, NULL, NULL, NULL, '2021-01-18 11:13:28', '2021-01-18 11:13:28');
INSERT INTO `sys_log` VALUES (1066, 1, 'admin', '127.0.0.1', '用户登出', '/system/sysuser/logout', 'GET', '{}', 'Mozilla/5.0 (Windows NT 10.0; Win64; x64) AppleWebKit/537.36 (KHTML, like Gecko) Chrome/87.0.4280.66 Safari/537.36', NULL, NULL, NULL, NULL, '2021-01-18 11:13:32', '2021-01-18 11:13:32');
INSERT INTO `sys_log` VALUES (1067, 1, 'admin', '127.0.0.1', '用户登录', '/system/sysuser/login', 'POST', '{}', 'Mozilla/5.0 (Windows NT 10.0; Win64; x64) AppleWebKit/537.36 (KHTML, like Gecko) Chrome/87.0.4280.66 Safari/537.36', NULL, NULL, NULL, NULL, '2021-01-18 11:13:36', '2021-01-18 11:13:36');
INSERT INTO `sys_log` VALUES (1068, 1, 'admin', '127.0.0.1', '用户登出', '/system/sysuser/logout', 'GET', '{}', 'Mozilla/5.0 (Windows NT 10.0; Win64; x64) AppleWebKit/537.36 (KHTML, like Gecko) Chrome/87.0.4280.66 Safari/537.36', NULL, NULL, NULL, NULL, '2021-01-18 11:13:39', '2021-01-18 11:13:39');
INSERT INTO `sys_log` VALUES (1069, 1, 'admin', '127.0.0.1', '用户登录', '/system/sysuser/login', 'POST', '{}', 'Mozilla/5.0 (Windows NT 10.0; Win64; x64) AppleWebKit/537.36 (KHTML, like Gecko) Chrome/87.0.4280.66 Safari/537.36', NULL, NULL, NULL, NULL, '2021-01-18 11:13:46', '2021-01-18 11:13:46');
INSERT INTO `sys_log` VALUES (1070, 1, 'admin', '127.0.0.1', '用户登出', '/system/sysuser/logout', 'GET', '{}', 'Mozilla/5.0 (Windows NT 10.0; Win64; x64) AppleWebKit/537.36 (KHTML, like Gecko) Chrome/87.0.4280.66 Safari/537.36', NULL, NULL, NULL, NULL, '2021-01-18 11:13:52', '2021-01-18 11:13:52');
INSERT INTO `sys_log` VALUES (1071, 1, 'admin', '127.0.0.1', '用户登录', '/system/sysuser/login', 'POST', '{}', 'Mozilla/5.0 (Windows NT 10.0; Win64; x64) AppleWebKit/537.36 (KHTML, like Gecko) Chrome/87.0.4280.66 Safari/537.36', NULL, NULL, NULL, NULL, '2021-01-18 11:16:12', '2021-01-18 11:16:12');
INSERT INTO `sys_log` VALUES (1072, 1, 'admin', '127.0.0.1', '用户登出', '/system/sysuser/logout', 'GET', '{}', 'Mozilla/5.0 (Windows NT 10.0; Win64; x64) AppleWebKit/537.36 (KHTML, like Gecko) Chrome/87.0.4280.66 Safari/537.36', NULL, NULL, NULL, NULL, '2021-01-18 11:16:37', '2021-01-18 11:16:37');
INSERT INTO `sys_log` VALUES (1073, 1, 'admin', '127.0.0.1', '用户登录', '/system/sysuser/login', 'POST', '{}', 'Mozilla/5.0 (Windows NT 10.0; Win64; x64) AppleWebKit/537.36 (KHTML, like Gecko) Chrome/87.0.4280.66 Safari/537.36', NULL, NULL, NULL, NULL, '2021-01-18 11:17:12', '2021-01-18 11:17:12');
INSERT INTO `sys_log` VALUES (1074, 3, 'admin', '127.0.0.1', '查询系统用户列表', '/system/sysuser/page', 'GET', '{\"limit\":\"10\",\"page\":\"1\"}', 'Mozilla/5.0 (Windows NT 10.0; Win64; x64) AppleWebKit/537.36 (KHTML, like Gecko) Chrome/87.0.4280.66 Safari/537.36', 94, 'com.quan.system.web.controller.SysUserController', 'queryPage', NULL, '2021-01-18 11:18:03', '2021-01-18 11:18:03');
INSERT INTO `sys_log` VALUES (1075, 1, '0002', '127.0.0.1', '用户登录', '/system/sysuser/login', 'POST', '{}', 'Mozilla/5.0 (Windows NT 10.0; Win64; x64) AppleWebKit/537.36 (KHTML, like Gecko) Chrome/87.0.4280.66 Safari/537.36', NULL, NULL, NULL, NULL, '2021-01-18 12:37:12', '2021-01-18 12:37:12');
INSERT INTO `sys_log` VALUES (1076, 1, '0002', '127.0.0.1', '用户登录', '/system/sysuser/login', 'POST', '{}', 'Mozilla/5.0 (Windows NT 10.0; Win64; x64) AppleWebKit/537.36 (KHTML, like Gecko) Chrome/87.0.4280.66 Safari/537.36', NULL, NULL, NULL, NULL, '2021-01-18 13:06:54', '2021-01-18 13:06:54');
INSERT INTO `sys_log` VALUES (1077, 1, '0002', '127.0.0.1', '用户登录', '/system/sysuser/login', 'POST', '{}', 'Mozilla/5.0 (Windows NT 10.0; Win64; x64) AppleWebKit/537.36 (KHTML, like Gecko) Chrome/87.0.4280.66 Safari/537.36', NULL, NULL, NULL, NULL, '2021-01-18 13:30:48', '2021-01-18 13:30:48');
INSERT INTO `sys_log` VALUES (1078, 1, '0002', '127.0.0.1', '用户登录', '/system/sysuser/login', 'POST', '{}', 'Mozilla/5.0 (Windows NT 10.0; Win64; x64) AppleWebKit/537.36 (KHTML, like Gecko) Chrome/87.0.4280.66 Safari/537.36', NULL, NULL, NULL, NULL, '2021-01-18 13:34:50', '2021-01-18 13:34:50');
INSERT INTO `sys_log` VALUES (1079, 1, '0002', '127.0.0.1', '用户登录', '/system/sysuser/login', 'POST', '{}', 'Mozilla/5.0 (Windows NT 10.0; Win64; x64) AppleWebKit/537.36 (KHTML, like Gecko) Chrome/87.0.4280.66 Safari/537.36', NULL, NULL, NULL, NULL, '2021-01-18 13:37:01', '2021-01-18 13:37:01');
INSERT INTO `sys_log` VALUES (1080, 1, '0002', '127.0.0.1', '用户登录', '/system/sysuser/login', 'POST', '{}', 'Mozilla/5.0 (Windows NT 10.0; Win64; x64) AppleWebKit/537.36 (KHTML, like Gecko) Chrome/87.0.4280.66 Safari/537.36', NULL, NULL, NULL, NULL, '2021-01-18 13:38:58', '2021-01-18 13:38:58');
INSERT INTO `sys_log` VALUES (1081, 1, '0002', '127.0.0.1', '用户登出', '/system/sysuser/logout', 'GET', '{}', 'Mozilla/5.0 (Windows NT 10.0; Win64; x64) AppleWebKit/537.36 (KHTML, like Gecko) Chrome/87.0.4280.66 Safari/537.36', NULL, NULL, NULL, NULL, '2021-01-18 13:44:36', '2021-01-18 13:44:36');
INSERT INTO `sys_log` VALUES (1082, 1, '0002', '127.0.0.1', '用户登录', '/system/sysuser/login', 'POST', '{}', 'Mozilla/5.0 (Windows NT 10.0; Win64; x64) AppleWebKit/537.36 (KHTML, like Gecko) Chrome/87.0.4280.66 Safari/537.36', NULL, NULL, NULL, NULL, '2021-01-18 13:44:39', '2021-01-18 13:44:39');
INSERT INTO `sys_log` VALUES (1083, 1, '0002', '127.0.0.1', '用户登出', '/system/sysuser/logout', 'GET', '{}', 'Mozilla/5.0 (Windows NT 10.0; Win64; x64) AppleWebKit/537.36 (KHTML, like Gecko) Chrome/87.0.4280.66 Safari/537.36', NULL, NULL, NULL, NULL, '2021-01-18 13:52:40', '2021-01-18 13:52:40');
INSERT INTO `sys_log` VALUES (1084, 1, '0002', '127.0.0.1', '用户登录', '/system/sysuser/login', 'POST', '{}', 'Mozilla/5.0 (Windows NT 10.0; Win64; x64) AppleWebKit/537.36 (KHTML, like Gecko) Chrome/87.0.4280.66 Safari/537.36', NULL, NULL, NULL, NULL, '2021-01-18 13:52:43', '2021-01-18 13:52:43');
INSERT INTO `sys_log` VALUES (1085, 1, '0002', '127.0.0.1', '用户登出', '/system/sysuser/logout', 'GET', '{}', 'Mozilla/5.0 (Windows NT 10.0; Win64; x64) AppleWebKit/537.36 (KHTML, like Gecko) Chrome/87.0.4280.66 Safari/537.36', NULL, NULL, NULL, NULL, '2021-01-18 13:56:38', '2021-01-18 13:56:38');
INSERT INTO `sys_log` VALUES (1086, 1, '0002', '127.0.0.1', '用户登录', '/system/sysuser/login', 'POST', '{}', 'Mozilla/5.0 (Windows NT 10.0; Win64; x64) AppleWebKit/537.36 (KHTML, like Gecko) Chrome/87.0.4280.66 Safari/537.36', NULL, NULL, NULL, NULL, '2021-01-18 13:56:40', '2021-01-18 13:56:40');
INSERT INTO `sys_log` VALUES (1087, 1, '0002', '127.0.0.1', '用户登出', '/system/sysuser/logout', 'GET', '{}', 'Mozilla/5.0 (Windows NT 10.0; Win64; x64) AppleWebKit/537.36 (KHTML, like Gecko) Chrome/87.0.4280.66 Safari/537.36', NULL, NULL, NULL, NULL, '2021-01-18 13:58:11', '2021-01-18 13:58:11');
INSERT INTO `sys_log` VALUES (1088, 1, '0002', '127.0.0.1', '用户登录', '/system/sysuser/login', 'POST', '{}', 'Mozilla/5.0 (Windows NT 10.0; Win64; x64) AppleWebKit/537.36 (KHTML, like Gecko) Chrome/87.0.4280.66 Safari/537.36', NULL, NULL, NULL, NULL, '2021-01-18 13:58:14', '2021-01-18 13:58:14');
INSERT INTO `sys_log` VALUES (1089, 1, '0002', '127.0.0.1', '用户登出', '/system/sysuser/logout', 'GET', '{}', 'Mozilla/5.0 (Windows NT 10.0; Win64; x64) AppleWebKit/537.36 (KHTML, like Gecko) Chrome/87.0.4280.66 Safari/537.36', NULL, NULL, NULL, NULL, '2021-01-18 13:58:20', '2021-01-18 13:58:20');
INSERT INTO `sys_log` VALUES (1090, 1, '0002', '127.0.0.1', '用户登录', '/system/sysuser/login', 'POST', '{}', 'Mozilla/5.0 (Windows NT 10.0; Win64; x64) AppleWebKit/537.36 (KHTML, like Gecko) Chrome/87.0.4280.66 Safari/537.36', NULL, NULL, NULL, NULL, '2021-01-18 13:58:40', '2021-01-18 13:58:40');
INSERT INTO `sys_log` VALUES (1091, 1, '0002', '127.0.0.1', '用户登出', '/system/sysuser/logout', 'GET', '{}', 'Mozilla/5.0 (Windows NT 10.0; Win64; x64) AppleWebKit/537.36 (KHTML, like Gecko) Chrome/87.0.4280.66 Safari/537.36', NULL, NULL, NULL, NULL, '2021-01-18 14:05:00', '2021-01-18 14:05:00');
INSERT INTO `sys_log` VALUES (1092, 1, '0002', '127.0.0.1', '用户登录', '/system/sysuser/login', 'POST', '{}', 'Mozilla/5.0 (Windows NT 10.0; Win64; x64) AppleWebKit/537.36 (KHTML, like Gecko) Chrome/87.0.4280.66 Safari/537.36', NULL, NULL, NULL, NULL, '2021-01-18 14:05:03', '2021-01-18 14:05:03');
INSERT INTO `sys_log` VALUES (1093, 1, '0002', '127.0.0.1', '用户登出', '/system/sysuser/logout', 'GET', '{}', 'Mozilla/5.0 (Windows NT 10.0; Win64; x64) AppleWebKit/537.36 (KHTML, like Gecko) Chrome/87.0.4280.66 Safari/537.36', NULL, NULL, NULL, NULL, '2021-01-18 14:06:37', '2021-01-18 14:06:37');
INSERT INTO `sys_log` VALUES (1094, 1, '0002', '127.0.0.1', '用户登录', '/system/sysuser/login', 'POST', '{}', 'Mozilla/5.0 (Windows NT 10.0; Win64; x64) AppleWebKit/537.36 (KHTML, like Gecko) Chrome/87.0.4280.66 Safari/537.36', NULL, NULL, NULL, NULL, '2021-01-18 14:06:52', '2021-01-18 14:06:52');
INSERT INTO `sys_log` VALUES (1095, 1, '0002', '127.0.0.1', '用户登出', '/system/sysuser/logout', 'GET', '{}', 'Mozilla/5.0 (Windows NT 10.0; Win64; x64) AppleWebKit/537.36 (KHTML, like Gecko) Chrome/87.0.4280.66 Safari/537.36', NULL, NULL, NULL, NULL, '2021-01-18 14:11:43', '2021-01-18 14:11:43');
INSERT INTO `sys_log` VALUES (1096, 1, '0002', '127.0.0.1', '用户登录', '/system/sysuser/login', 'POST', '{}', 'Mozilla/5.0 (Windows NT 10.0; Win64; x64) AppleWebKit/537.36 (KHTML, like Gecko) Chrome/87.0.4280.66 Safari/537.36', NULL, NULL, NULL, NULL, '2021-01-18 14:11:46', '2021-01-18 14:11:46');
INSERT INTO `sys_log` VALUES (1097, 1, '0002', '127.0.0.1', '用户登出', '/system/sysuser/logout', 'GET', '{}', 'Mozilla/5.0 (Windows NT 10.0; Win64; x64) AppleWebKit/537.36 (KHTML, like Gecko) Chrome/87.0.4280.66 Safari/537.36', NULL, NULL, NULL, NULL, '2021-01-18 14:25:02', '2021-01-18 14:25:02');
INSERT INTO `sys_log` VALUES (1098, 1, 'admin', '127.0.0.1', '用户登录', '/system/sysuser/login', 'POST', '{}', 'Mozilla/5.0 (Windows NT 10.0; Win64; x64) AppleWebKit/537.36 (KHTML, like Gecko) Chrome/87.0.4280.66 Safari/537.36', NULL, NULL, NULL, NULL, '2021-01-18 14:29:06', '2021-01-18 14:29:06');
INSERT INTO `sys_log` VALUES (1099, 1, 'admin', '127.0.0.1', '用户登出', '/system/sysuser/logout', 'GET', '{}', 'Mozilla/5.0 (Windows NT 10.0; Win64; x64) AppleWebKit/537.36 (KHTML, like Gecko) Chrome/87.0.4280.66 Safari/537.36', NULL, NULL, NULL, NULL, '2021-01-18 14:51:32', '2021-01-18 14:51:32');
INSERT INTO `sys_log` VALUES (1100, 1, 'admin', '127.0.0.1', '用户登录', '/system/sysuser/login', 'POST', '{}', 'Mozilla/5.0 (Windows NT 10.0; Win64; x64) AppleWebKit/537.36 (KHTML, like Gecko) Chrome/87.0.4280.66 Safari/537.36', NULL, NULL, NULL, NULL, '2021-01-18 14:51:36', '2021-01-18 14:51:36');
INSERT INTO `sys_log` VALUES (1101, 1, 'admin', '127.0.0.1', '用户登出', '/system/sysuser/logout', 'GET', '{}', 'Mozilla/5.0 (Windows NT 10.0; Win64; x64) AppleWebKit/537.36 (KHTML, like Gecko) Chrome/87.0.4280.66 Safari/537.36', NULL, NULL, NULL, NULL, '2021-01-18 15:02:05', '2021-01-18 15:02:05');
INSERT INTO `sys_log` VALUES (1102, 1, 'admin', '127.0.0.1', '用户登录', '/system/sysuser/login', 'POST', '{}', 'Mozilla/5.0 (Windows NT 10.0; Win64; x64) AppleWebKit/537.36 (KHTML, like Gecko) Chrome/87.0.4280.66 Safari/537.36', NULL, NULL, NULL, NULL, '2021-01-18 15:02:14', '2021-01-18 15:02:14');
INSERT INTO `sys_log` VALUES (1103, 1, 'admin', '127.0.0.1', '用户登出', '/system/sysuser/logout', 'GET', '{}', 'Mozilla/5.0 (Windows NT 10.0; Win64; x64) AppleWebKit/537.36 (KHTML, like Gecko) Chrome/87.0.4280.66 Safari/537.36', NULL, NULL, NULL, NULL, '2021-01-18 15:03:25', '2021-01-18 15:03:25');
INSERT INTO `sys_log` VALUES (1104, 1, 'admin', '127.0.0.1', '用户登录', '/system/sysuser/login', 'POST', '{}', 'Mozilla/5.0 (Windows NT 10.0; Win64; x64) AppleWebKit/537.36 (KHTML, like Gecko) Chrome/87.0.4280.66 Safari/537.36', NULL, NULL, NULL, NULL, '2021-01-18 15:03:29', '2021-01-18 15:03:29');
INSERT INTO `sys_log` VALUES (1105, 1, 'admin', '127.0.0.1', '用户登出', '/system/sysuser/logout', 'GET', '{}', 'Mozilla/5.0 (Windows NT 10.0; Win64; x64) AppleWebKit/537.36 (KHTML, like Gecko) Chrome/87.0.4280.66 Safari/537.36', NULL, NULL, NULL, NULL, '2021-01-18 15:04:21', '2021-01-18 15:04:21');
INSERT INTO `sys_log` VALUES (1106, 1, 'admin', '127.0.0.1', '用户登录', '/system/sysuser/login', 'POST', '{}', 'Mozilla/5.0 (Windows NT 10.0; Win64; x64) AppleWebKit/537.36 (KHTML, like Gecko) Chrome/87.0.4280.66 Safari/537.36', NULL, NULL, NULL, NULL, '2021-01-18 15:04:28', '2021-01-18 15:04:28');
INSERT INTO `sys_log` VALUES (1107, 3, 'admin', '127.0.0.1', '查询系统用户列表', '/system/sysuser/page', 'GET', '{\"limit\":\"10\",\"page\":\"1\"}', 'Mozilla/5.0 (Windows NT 10.0; Win64; x64) AppleWebKit/537.36 (KHTML, like Gecko) Chrome/87.0.4280.66 Safari/537.36', 14, 'com.quan.system.web.controller.SysUserController', 'queryPage', NULL, '2021-01-18 15:44:04', '2021-01-18 15:44:04');
INSERT INTO `sys_log` VALUES (1108, 3, 'admin', '127.0.0.1', '查询系统用户列表', '/system/sysuser/page', 'GET', '{\"limit\":\"10\",\"page\":\"1\"}', 'Mozilla/5.0 (Windows NT 10.0; Win64; x64) AppleWebKit/537.36 (KHTML, like Gecko) Chrome/87.0.4280.66 Safari/537.36', 14, 'com.quan.system.web.controller.SysUserController', 'queryPage', NULL, '2021-01-18 15:44:17', '2021-01-18 15:44:17');
INSERT INTO `sys_log` VALUES (1109, 1, 'admin', '127.0.0.1', '用户登录', '/system/sysuser/login', 'POST', '{}', 'Mozilla/5.0 (Windows NT 10.0; Win64; x64) AppleWebKit/537.36 (KHTML, like Gecko) Chrome/87.0.4280.66 Safari/537.36', NULL, NULL, NULL, NULL, '2021-01-18 18:13:19', '2021-01-18 18:13:19');
INSERT INTO `sys_log` VALUES (1110, 1, 'admin', '127.0.0.1', '用户登出', '/system/sysuser/logout', 'GET', '{}', 'Mozilla/5.0 (Windows NT 10.0; Win64; x64) AppleWebKit/537.36 (KHTML, like Gecko) Chrome/87.0.4280.66 Safari/537.36', NULL, NULL, NULL, NULL, '2021-01-18 18:14:44', '2021-01-18 18:14:44');
INSERT INTO `sys_log` VALUES (1111, 1, 'admin', '127.0.0.1', '用户登录', '/system/sysuser/login', 'POST', '{}', 'Mozilla/5.0 (Windows NT 10.0; Win64; x64) AppleWebKit/537.36 (KHTML, like Gecko) Chrome/87.0.4280.66 Safari/537.36', NULL, NULL, NULL, NULL, '2021-01-18 18:14:53', '2021-01-18 18:14:53');
INSERT INTO `sys_log` VALUES (1112, 3, 'admin', '127.0.0.1', '查询系统用户列表', '/system/sysuser/page', 'GET', '{\"limit\":\"10\",\"page\":\"1\"}', 'Mozilla/5.0 (Windows NT 10.0; Win64; x64) AppleWebKit/537.36 (KHTML, like Gecko) Chrome/87.0.4280.66 Safari/537.36', 8, 'com.quan.system.web.controller.SysUserController', 'queryPage', NULL, '2021-01-18 18:16:43', '2021-01-18 18:16:43');
INSERT INTO `sys_log` VALUES (1113, 3, 'admin', '127.0.0.1', '查询系统用户列表', '/system/sysuser/page', 'GET', '{\"limit\":\"10\",\"page\":\"1\"}', 'Mozilla/5.0 (Windows NT 10.0; Win64; x64) AppleWebKit/537.36 (KHTML, like Gecko) Chrome/87.0.4280.66 Safari/537.36', 12, 'com.quan.system.web.controller.SysUserController', 'queryPage', NULL, '2021-01-18 18:21:46', '2021-01-18 18:21:46');
INSERT INTO `sys_log` VALUES (1114, 3, 'admin', '127.0.0.1', '查询系统用户列表', '/system/sysuser/page', 'GET', '{\"limit\":\"10\",\"page\":\"1\"}', 'Mozilla/5.0 (Windows NT 10.0; Win64; x64) AppleWebKit/537.36 (KHTML, like Gecko) Chrome/87.0.4280.66 Safari/537.36', 11, 'com.quan.system.web.controller.SysUserController', 'queryPage', NULL, '2021-01-18 18:22:18', '2021-01-18 18:22:18');
INSERT INTO `sys_log` VALUES (1115, 3, 'admin', '127.0.0.1', '查询系统用户列表', '/system/sysuser/page', 'GET', '{\"limit\":\"10\",\"page\":\"1\"}', 'Mozilla/5.0 (Windows NT 10.0; Win64; x64) AppleWebKit/537.36 (KHTML, like Gecko) Chrome/87.0.4280.66 Safari/537.36', 13, 'com.quan.system.web.controller.SysUserController', 'queryPage', NULL, '2021-01-18 18:22:33', '2021-01-18 18:22:33');
INSERT INTO `sys_log` VALUES (1116, 3, 'admin', '127.0.0.1', '查询系统用户列表', '/system/sysuser/page', 'GET', '{\"limit\":\"10\",\"page\":\"1\"}', 'Mozilla/5.0 (Windows NT 10.0; Win64; x64) AppleWebKit/537.36 (KHTML, like Gecko) Chrome/87.0.4280.66 Safari/537.36', 17, 'com.quan.system.web.controller.SysUserController', 'queryPage', NULL, '2021-01-18 18:26:37', '2021-01-18 18:26:37');
INSERT INTO `sys_log` VALUES (1117, 1, '0001', '127.0.0.1', '用户登录', '/system/sysuser/login', 'POST', '{}', 'Mozilla/5.0 (Windows NT 10.0; WOW64) AppleWebKit/537.36 (KHTML, like Gecko) Chrome/70.0.3538.25 Safari/537.36 Core/1.70.3775.400 QQBrowser/10.6.4208.400', NULL, NULL, NULL, NULL, '2021-01-18 18:32:10', '2021-01-18 18:32:10');
INSERT INTO `sys_log` VALUES (1118, 1, 'admin', '127.0.0.1', '用户登录', '/system/sysuser/login', 'POST', '{}', 'Mozilla/5.0 (Windows NT 10.0; Win64; x64) AppleWebKit/537.36 (KHTML, like Gecko) Chrome/87.0.4280.66 Safari/537.36', NULL, NULL, NULL, NULL, '2021-01-18 18:33:49', '2021-01-18 18:33:49');
INSERT INTO `sys_log` VALUES (1119, 1, '0001', '127.0.0.1', '用户登出', '/system/sysuser/logout', 'GET', '{}', 'Mozilla/5.0 (Windows NT 10.0; WOW64) AppleWebKit/537.36 (KHTML, like Gecko) Chrome/70.0.3538.25 Safari/537.36 Core/1.70.3775.400 QQBrowser/10.6.4208.400', NULL, NULL, NULL, NULL, '2021-01-18 18:33:57', '2021-01-18 18:33:57');
INSERT INTO `sys_log` VALUES (1120, 1, '0001', '127.0.0.1', '用户登录', '/system/sysuser/login', 'POST', '{}', 'Mozilla/5.0 (Windows NT 10.0; WOW64) AppleWebKit/537.36 (KHTML, like Gecko) Chrome/70.0.3538.25 Safari/537.36 Core/1.70.3775.400 QQBrowser/10.6.4208.400', NULL, NULL, NULL, NULL, '2021-01-18 18:33:59', '2021-01-18 18:33:59');
INSERT INTO `sys_log` VALUES (1121, 1, '0001', '127.0.0.1', '用户登出', '/system/sysuser/logout', 'GET', '{}', 'Mozilla/5.0 (Windows NT 10.0; WOW64) AppleWebKit/537.36 (KHTML, like Gecko) Chrome/70.0.3538.25 Safari/537.36 Core/1.70.3775.400 QQBrowser/10.6.4208.400', NULL, NULL, NULL, NULL, '2021-01-18 18:35:07', '2021-01-18 18:35:07');
INSERT INTO `sys_log` VALUES (1122, 1, '0001', '127.0.0.1', '用户登录', '/system/sysuser/login', 'POST', '{}', 'Mozilla/5.0 (Windows NT 10.0; WOW64) AppleWebKit/537.36 (KHTML, like Gecko) Chrome/70.0.3538.25 Safari/537.36 Core/1.70.3775.400 QQBrowser/10.6.4208.400', NULL, NULL, NULL, NULL, '2021-01-18 18:35:09', '2021-01-18 18:35:09');
INSERT INTO `sys_log` VALUES (1123, 1, 'admin', '127.0.0.1', '用户登录', '/system/sysuser/login', 'POST', '{}', 'Mozilla/5.0 (Windows NT 10.0; Win64; x64) AppleWebKit/537.36 (KHTML, like Gecko) Chrome/87.0.4280.66 Safari/537.36', NULL, NULL, NULL, NULL, '2021-01-18 18:35:11', '2021-01-18 18:35:11');
INSERT INTO `sys_log` VALUES (1124, 1, '0001', '127.0.0.1', '用户登出', '/system/sysuser/logout', 'GET', '{}', 'Mozilla/5.0 (Windows NT 10.0; WOW64) AppleWebKit/537.36 (KHTML, like Gecko) Chrome/70.0.3538.25 Safari/537.36 Core/1.70.3775.400 QQBrowser/10.6.4208.400', NULL, NULL, NULL, NULL, '2021-01-18 18:36:58', '2021-01-18 18:36:58');
INSERT INTO `sys_log` VALUES (1125, 1, '0001', '127.0.0.1', '用户登录', '/system/sysuser/login', 'POST', '{}', 'Mozilla/5.0 (Windows NT 10.0; WOW64) AppleWebKit/537.36 (KHTML, like Gecko) Chrome/70.0.3538.25 Safari/537.36 Core/1.70.3775.400 QQBrowser/10.6.4208.400', NULL, NULL, NULL, NULL, '2021-01-18 18:37:00', '2021-01-18 18:37:00');
INSERT INTO `sys_log` VALUES (1126, 1, '0001', '127.0.0.1', '用户登出', '/system/sysuser/logout', 'GET', '{}', 'Mozilla/5.0 (Windows NT 10.0; WOW64) AppleWebKit/537.36 (KHTML, like Gecko) Chrome/70.0.3538.25 Safari/537.36 Core/1.70.3775.400 QQBrowser/10.6.4208.400', NULL, NULL, NULL, NULL, '2021-01-18 18:37:38', '2021-01-18 18:37:38');
INSERT INTO `sys_log` VALUES (1127, 1, '0001', '127.0.0.1', '用户登录', '/system/sysuser/login', 'POST', '{}', 'Mozilla/5.0 (Windows NT 10.0; WOW64) AppleWebKit/537.36 (KHTML, like Gecko) Chrome/70.0.3538.25 Safari/537.36 Core/1.70.3775.400 QQBrowser/10.6.4208.400', NULL, NULL, NULL, NULL, '2021-01-18 18:37:43', '2021-01-18 18:37:43');
INSERT INTO `sys_log` VALUES (1128, 1, '0001', '127.0.0.1', '用户登出', '/system/sysuser/logout', 'GET', '{}', 'Mozilla/5.0 (Windows NT 10.0; WOW64) AppleWebKit/537.36 (KHTML, like Gecko) Chrome/70.0.3538.25 Safari/537.36 Core/1.70.3775.400 QQBrowser/10.6.4208.400', NULL, NULL, NULL, NULL, '2021-01-18 18:38:50', '2021-01-18 18:38:50');
INSERT INTO `sys_log` VALUES (1129, 1, '0001', '127.0.0.1', '用户登录', '/system/sysuser/login', 'POST', '{}', 'Mozilla/5.0 (Windows NT 10.0; WOW64) AppleWebKit/537.36 (KHTML, like Gecko) Chrome/70.0.3538.25 Safari/537.36 Core/1.70.3775.400 QQBrowser/10.6.4208.400', NULL, NULL, NULL, NULL, '2021-01-18 18:38:52', '2021-01-18 18:38:52');
INSERT INTO `sys_log` VALUES (1130, 1, '0001', '127.0.0.1', '用户登出', '/system/sysuser/logout', 'GET', '{}', 'Mozilla/5.0 (Windows NT 10.0; WOW64) AppleWebKit/537.36 (KHTML, like Gecko) Chrome/70.0.3538.25 Safari/537.36 Core/1.70.3775.400 QQBrowser/10.6.4208.400', NULL, NULL, NULL, NULL, '2021-01-18 18:39:53', '2021-01-18 18:39:53');
INSERT INTO `sys_log` VALUES (1131, 1, '0001', '127.0.0.1', '用户登录', '/system/sysuser/login', 'POST', '{}', 'Mozilla/5.0 (Windows NT 10.0; WOW64) AppleWebKit/537.36 (KHTML, like Gecko) Chrome/70.0.3538.25 Safari/537.36 Core/1.70.3775.400 QQBrowser/10.6.4208.400', NULL, NULL, NULL, NULL, '2021-01-18 18:39:55', '2021-01-18 18:39:55');
INSERT INTO `sys_log` VALUES (1132, 1, '0001', '127.0.0.1', '用户登录', '/system/sysuser/login', 'POST', '{}', 'Mozilla/5.0 (Windows NT 10.0; WOW64) AppleWebKit/537.36 (KHTML, like Gecko) Chrome/70.0.3538.25 Safari/537.36 Core/1.70.3775.400 QQBrowser/10.6.4208.400', NULL, NULL, NULL, NULL, '2021-01-18 18:40:07', '2021-01-18 18:40:07');
INSERT INTO `sys_log` VALUES (1133, 1, '0001', '127.0.0.1', '用户登录', '/system/sysuser/login', 'POST', '{}', 'Mozilla/5.0 (Windows NT 10.0; WOW64) AppleWebKit/537.36 (KHTML, like Gecko) Chrome/70.0.3538.25 Safari/537.36 Core/1.70.3775.400 QQBrowser/10.6.4208.400', NULL, NULL, NULL, NULL, '2021-01-18 18:40:22', '2021-01-18 18:40:22');
INSERT INTO `sys_log` VALUES (1134, 1, 'admin', '127.0.0.1', '用户登录', '/system/sysuser/login', 'POST', '{}', 'Mozilla/5.0 (Windows NT 10.0; Win64; x64) AppleWebKit/537.36 (KHTML, like Gecko) Chrome/87.0.4280.66 Safari/537.36', NULL, NULL, NULL, NULL, '2021-01-18 18:40:40', '2021-01-18 18:40:40');
INSERT INTO `sys_log` VALUES (1135, 1, 'admin', '127.0.0.1', '用户登录', '/system/sysuser/login', 'POST', '{}', 'Mozilla/5.0 (Windows NT 10.0; Win64; x64) AppleWebKit/537.36 (KHTML, like Gecko) Chrome/87.0.4280.66 Safari/537.36', NULL, NULL, NULL, NULL, '2021-01-18 18:40:53', '2021-01-18 18:40:53');
INSERT INTO `sys_log` VALUES (1136, 1, 'admin', '127.0.0.1', '用户登录', '/system/sysuser/login', 'POST', '{}', 'Mozilla/5.0 (Windows NT 10.0; Win64; x64) AppleWebKit/537.36 (KHTML, like Gecko) Chrome/87.0.4280.66 Safari/537.36', NULL, NULL, NULL, NULL, '2021-01-18 18:41:09', '2021-01-18 18:41:09');
INSERT INTO `sys_log` VALUES (1137, 1, '0001', '127.0.0.1', '用户登录', '/system/sysuser/login', 'POST', '{}', 'Mozilla/5.0 (Windows NT 10.0; WOW64) AppleWebKit/537.36 (KHTML, like Gecko) Chrome/70.0.3538.25 Safari/537.36 Core/1.70.3775.400 QQBrowser/10.6.4208.400', NULL, NULL, NULL, NULL, '2021-01-18 18:41:22', '2021-01-18 18:41:22');
INSERT INTO `sys_log` VALUES (1138, 3, 'admin', '127.0.0.1', '查询系统用户列表', '/system/sysuser/page', 'GET', '{\"limit\":\"10\",\"page\":\"1\"}', 'Mozilla/5.0 (Windows NT 10.0; Win64; x64) AppleWebKit/537.36 (KHTML, like Gecko) Chrome/87.0.4280.66 Safari/537.36', 9, 'com.quan.system.web.controller.SysUserController', 'queryPage', NULL, '2021-01-18 18:43:30', '2021-01-18 18:43:30');
INSERT INTO `sys_log` VALUES (1139, 1, 'admin', '127.0.0.1', '用户登录', '/system/sysuser/login', 'POST', '{}', 'Mozilla/5.0 (Windows NT 10.0; Win64; x64) AppleWebKit/537.36 (KHTML, like Gecko) Chrome/87.0.4280.66 Safari/537.36', NULL, NULL, NULL, NULL, '2021-01-19 09:32:54', '2021-01-19 09:32:54');
INSERT INTO `sys_log` VALUES (1140, 1, 'admin', '127.0.0.1', '用户登录', '/system/sysuser/login', 'POST', '{}', 'Mozilla/5.0 (Windows NT 10.0; Win64; x64) AppleWebKit/537.36 (KHTML, like Gecko) Chrome/87.0.4280.66 Safari/537.36', NULL, NULL, NULL, NULL, '2021-01-19 10:43:46', '2021-01-19 10:43:46');
INSERT INTO `sys_log` VALUES (1141, 1, 'admin', '127.0.0.1', '用户登出', '/system/sysuser/logout', 'GET', '{}', 'Mozilla/5.0 (Windows NT 10.0; Win64; x64) AppleWebKit/537.36 (KHTML, like Gecko) Chrome/87.0.4280.66 Safari/537.36', NULL, NULL, NULL, NULL, '2021-01-19 10:45:30', '2021-01-19 10:45:30');
INSERT INTO `sys_log` VALUES (1142, 1, 'admin', '127.0.0.1', '用户登录', '/system/sysuser/login', 'POST', '{}', 'Mozilla/5.0 (Windows NT 10.0; Win64; x64) AppleWebKit/537.36 (KHTML, like Gecko) Chrome/87.0.4280.66 Safari/537.36', NULL, NULL, NULL, NULL, '2021-01-19 10:47:04', '2021-01-19 10:47:04');
INSERT INTO `sys_log` VALUES (1143, 3, 'admin', '127.0.0.1', '查询系统用户列表', '/system/sysuser/page', 'GET', '{\"limit\":\"10\",\"page\":\"1\"}', 'Mozilla/5.0 (Windows NT 10.0; Win64; x64) AppleWebKit/537.36 (KHTML, like Gecko) Chrome/87.0.4280.66 Safari/537.36', 23, 'com.quan.system.web.controller.SysUserController', 'queryPage', NULL, '2021-01-19 10:49:01', '2021-01-19 10:49:01');
INSERT INTO `sys_log` VALUES (1144, 3, 'admin', '127.0.0.1', '查询系统用户列表', '/system/sysuser/page', 'GET', '{\"limit\":\"10\",\"page\":\"1\"}', 'Mozilla/5.0 (Windows NT 10.0; Win64; x64) AppleWebKit/537.36 (KHTML, like Gecko) Chrome/87.0.4280.66 Safari/537.36', 14, 'com.quan.system.web.controller.SysUserController', 'queryPage', NULL, '2021-01-19 10:49:15', '2021-01-19 10:49:15');
INSERT INTO `sys_log` VALUES (1145, 1, 'admin', '127.0.0.1', '用户登出', '/system/sysuser/logout', 'GET', '{}', 'Mozilla/5.0 (Windows NT 10.0; Win64; x64) AppleWebKit/537.36 (KHTML, like Gecko) Chrome/87.0.4280.66 Safari/537.36', NULL, NULL, NULL, NULL, '2021-01-19 10:49:58', '2021-01-19 10:49:58');
INSERT INTO `sys_log` VALUES (1146, 1, 'admin', '127.0.0.1', '用户登录', '/system/sysuser/login', 'POST', '{}', 'Mozilla/5.0 (Windows NT 10.0; Win64; x64) AppleWebKit/537.36 (KHTML, like Gecko) Chrome/87.0.4280.66 Safari/537.36', NULL, NULL, NULL, NULL, '2021-01-19 10:50:03', '2021-01-19 10:50:03');
INSERT INTO `sys_log` VALUES (1147, 1, 'admin', '127.0.0.1', '用户登出', '/system/sysuser/logout', 'GET', '{}', 'Mozilla/5.0 (Windows NT 10.0; Win64; x64) AppleWebKit/537.36 (KHTML, like Gecko) Chrome/87.0.4280.66 Safari/537.36', NULL, NULL, NULL, NULL, '2021-01-19 10:50:22', '2021-01-19 10:50:22');
INSERT INTO `sys_log` VALUES (1148, 1, 'admin', '127.0.0.1', '用户登录', '/system/sysuser/login', 'POST', '{}', 'Mozilla/5.0 (Windows NT 10.0; Win64; x64) AppleWebKit/537.36 (KHTML, like Gecko) Chrome/87.0.4280.66 Safari/537.36', NULL, NULL, NULL, NULL, '2021-01-19 10:53:09', '2021-01-19 10:53:09');
INSERT INTO `sys_log` VALUES (1149, 3, 'admin', '127.0.0.1', '查询系统用户列表', '/system/sysuser/page', 'GET', '{\"limit\":\"10\",\"page\":\"1\"}', 'Mozilla/5.0 (Windows NT 10.0; Win64; x64) AppleWebKit/537.36 (KHTML, like Gecko) Chrome/87.0.4280.66 Safari/537.36', 190, 'com.quan.system.web.controller.SysUserController', 'queryPage', NULL, '2021-01-19 10:53:51', '2021-01-19 10:53:51');
INSERT INTO `sys_log` VALUES (1150, 1, 'admin', '127.0.0.1', '用户登出', '/system/sysuser/logout', 'GET', '{}', 'Mozilla/5.0 (Windows NT 10.0; Win64; x64) AppleWebKit/537.36 (KHTML, like Gecko) Chrome/87.0.4280.66 Safari/537.36', NULL, NULL, NULL, NULL, '2021-01-19 10:53:52', '2021-01-19 10:53:52');
INSERT INTO `sys_log` VALUES (1151, 1, 'admin', '127.0.0.1', '用户登录', '/system/sysuser/login', 'POST', '{}', 'Mozilla/5.0 (Windows NT 10.0; Win64; x64) AppleWebKit/537.36 (KHTML, like Gecko) Chrome/87.0.4280.66 Safari/537.36', NULL, NULL, NULL, NULL, '2021-01-19 10:53:54', '2021-01-19 10:53:54');
INSERT INTO `sys_log` VALUES (1152, 3, 'admin', '127.0.0.1', '查询系统用户列表', '/system/sysuser/page', 'GET', '{\"limit\":\"10\",\"page\":\"1\"}', 'Mozilla/5.0 (Windows NT 10.0; Win64; x64) AppleWebKit/537.36 (KHTML, like Gecko) Chrome/87.0.4280.66 Safari/537.36', 25, 'com.quan.system.web.controller.SysUserController', 'queryPage', NULL, '2021-01-19 10:55:34', '2021-01-19 10:55:34');
INSERT INTO `sys_log` VALUES (1153, 3, 'admin', '127.0.0.1', '查询系统用户列表', '/system/sysuser/page', 'GET', '{\"limit\":\"10\",\"page\":\"1\"}', 'Mozilla/5.0 (Windows NT 10.0; Win64; x64) AppleWebKit/537.36 (KHTML, like Gecko) Chrome/87.0.4280.66 Safari/537.36', 13, 'com.quan.system.web.controller.SysUserController', 'queryPage', NULL, '2021-01-19 10:55:41', '2021-01-19 10:55:41');
INSERT INTO `sys_log` VALUES (1154, 1, 'admin', '127.0.0.1', '用户登录', '/system/sysuser/login', 'POST', '{}', 'Mozilla/5.0 (Windows NT 10.0; Win64; x64) AppleWebKit/537.36 (KHTML, like Gecko) Chrome/87.0.4280.66 Safari/537.36', NULL, NULL, NULL, NULL, '2021-01-19 11:29:23', '2021-01-19 11:29:23');
INSERT INTO `sys_log` VALUES (1155, 1, 'admin', '127.0.0.1', '用户登录', '/system/sysuser/login', 'POST', '{}', 'Mozilla/5.0 (Windows NT 10.0; Win64; x64) AppleWebKit/537.36 (KHTML, like Gecko) Chrome/87.0.4280.66 Safari/537.36', NULL, NULL, NULL, NULL, '2021-01-19 14:07:51', '2021-01-19 14:07:51');
INSERT INTO `sys_log` VALUES (1156, 1, 'admin', '127.0.0.1', '用户登出', '/system/sysuser/logout', 'GET', '{}', 'Mozilla/5.0 (Windows NT 10.0; Win64; x64) AppleWebKit/537.36 (KHTML, like Gecko) Chrome/87.0.4280.66 Safari/537.36', NULL, NULL, NULL, NULL, '2021-01-19 14:55:33', '2021-01-19 14:55:33');
INSERT INTO `sys_log` VALUES (1157, 1, 'admin', '127.0.0.1', '用户登录', '/system/sysuser/login', 'POST', '{}', 'Mozilla/5.0 (Windows NT 10.0; Win64; x64) AppleWebKit/537.36 (KHTML, like Gecko) Chrome/87.0.4280.66 Safari/537.36', NULL, NULL, NULL, NULL, '2021-01-19 14:55:35', '2021-01-19 14:55:35');
INSERT INTO `sys_log` VALUES (1158, 1, 'admin', '127.0.0.1', '用户登出', '/system/sysuser/logout', 'GET', '{}', 'Mozilla/5.0 (Windows NT 10.0; Win64; x64) AppleWebKit/537.36 (KHTML, like Gecko) Chrome/87.0.4280.66 Safari/537.36', NULL, NULL, NULL, NULL, '2021-01-19 14:55:54', '2021-01-19 14:55:54');
INSERT INTO `sys_log` VALUES (1159, 1, 'admin', '127.0.0.1', '用户登录', '/system/sysuser/login', 'POST', '{}', 'Mozilla/5.0 (Windows NT 10.0; Win64; x64) AppleWebKit/537.36 (KHTML, like Gecko) Chrome/87.0.4280.66 Safari/537.36', NULL, NULL, NULL, NULL, '2021-01-19 14:55:56', '2021-01-19 14:55:56');
INSERT INTO `sys_log` VALUES (1160, 1, 'admin', '127.0.0.1', '用户登出', '/system/sysuser/logout', 'GET', '{}', 'Mozilla/5.0 (Windows NT 10.0; Win64; x64) AppleWebKit/537.36 (KHTML, like Gecko) Chrome/87.0.4280.66 Safari/537.36', NULL, NULL, NULL, NULL, '2021-01-19 14:56:55', '2021-01-19 14:56:55');
INSERT INTO `sys_log` VALUES (1161, 1, 'admin', '127.0.0.1', '用户登录', '/system/sysuser/login', 'POST', '{}', 'Mozilla/5.0 (Windows NT 10.0; Win64; x64) AppleWebKit/537.36 (KHTML, like Gecko) Chrome/87.0.4280.66 Safari/537.36', NULL, NULL, NULL, NULL, '2021-01-19 14:56:57', '2021-01-19 14:56:57');
INSERT INTO `sys_log` VALUES (1162, 1, 'admin', '127.0.0.1', '用户登出', '/system/sysuser/logout', 'GET', '{}', 'Mozilla/5.0 (Windows NT 10.0; Win64; x64) AppleWebKit/537.36 (KHTML, like Gecko) Chrome/87.0.4280.66 Safari/537.36', NULL, NULL, NULL, NULL, '2021-01-19 15:07:05', '2021-01-19 15:07:05');
INSERT INTO `sys_log` VALUES (1163, 1, 'admin', '127.0.0.1', '用户登录', '/system/sysuser/login', 'POST', '{}', 'Mozilla/5.0 (Windows NT 10.0; Win64; x64) AppleWebKit/537.36 (KHTML, like Gecko) Chrome/87.0.4280.66 Safari/537.36', NULL, NULL, NULL, NULL, '2021-01-19 15:07:07', '2021-01-19 15:07:07');
INSERT INTO `sys_log` VALUES (1164, 3, 'admin', '127.0.0.1', '查询系统用户列表', '/system/sysuser/page', 'GET', '{\"limit\":\"10\",\"page\":\"1\"}', 'Mozilla/5.0 (Windows NT 10.0; Win64; x64) AppleWebKit/537.36 (KHTML, like Gecko) Chrome/87.0.4280.66 Safari/537.36', 17, 'com.quan.system.web.controller.SysUserController', 'queryPage', NULL, '2021-01-19 15:07:20', '2021-01-19 15:07:20');
INSERT INTO `sys_log` VALUES (1165, 3, 'admin', '127.0.0.1', '查询系统用户列表', '/system/sysuser/page', 'GET', '{\"limit\":\"10\",\"page\":\"1\"}', 'Mozilla/5.0 (Windows NT 10.0; Win64; x64) AppleWebKit/537.36 (KHTML, like Gecko) Chrome/87.0.4280.66 Safari/537.36', 14, 'com.quan.system.web.controller.SysUserController', 'queryPage', NULL, '2021-01-19 15:08:33', '2021-01-19 15:08:33');
INSERT INTO `sys_log` VALUES (1166, 3, 'admin', '127.0.0.1', '查询系统用户列表', '/system/sysuser/page', 'GET', '{\"limit\":\"10\",\"page\":\"1\"}', 'Mozilla/5.0 (Windows NT 10.0; Win64; x64) AppleWebKit/537.36 (KHTML, like Gecko) Chrome/87.0.4280.66 Safari/537.36', 6, 'com.quan.system.web.controller.SysUserController', 'queryPage', NULL, '2021-01-19 15:08:45', '2021-01-19 15:08:45');
INSERT INTO `sys_log` VALUES (1167, 3, 'admin', '127.0.0.1', '查询系统用户列表', '/system/sysuser/page', 'GET', '{\"limit\":\"10\",\"page\":\"1\"}', 'Mozilla/5.0 (Windows NT 10.0; Win64; x64) AppleWebKit/537.36 (KHTML, like Gecko) Chrome/87.0.4280.66 Safari/537.36', 12, 'com.quan.system.web.controller.SysUserController', 'queryPage', NULL, '2021-01-19 15:09:50', '2021-01-19 15:09:50');
INSERT INTO `sys_log` VALUES (1168, 3, 'admin', '127.0.0.1', '查询系统用户列表', '/system/sysuser/page', 'GET', '{\"limit\":\"10\",\"page\":\"1\"}', 'Mozilla/5.0 (Windows NT 10.0; Win64; x64) AppleWebKit/537.36 (KHTML, like Gecko) Chrome/87.0.4280.66 Safari/537.36', 8, 'com.quan.system.web.controller.SysUserController', 'queryPage', NULL, '2021-01-19 15:10:04', '2021-01-19 15:10:04');
INSERT INTO `sys_log` VALUES (1169, 3, 'admin', '127.0.0.1', '查询系统用户列表', '/system/sysuser/page', 'GET', '{\"limit\":\"10\",\"page\":\"1\"}', 'Mozilla/5.0 (Windows NT 10.0; Win64; x64) AppleWebKit/537.36 (KHTML, like Gecko) Chrome/87.0.4280.66 Safari/537.36', 6, 'com.quan.system.web.controller.SysUserController', 'queryPage', NULL, '2021-01-19 15:10:34', '2021-01-19 15:10:34');
INSERT INTO `sys_log` VALUES (1170, 3, 'admin', '127.0.0.1', '查询系统用户列表', '/system/sysuser/page', 'GET', '{\"limit\":\"10\",\"page\":\"1\"}', 'Mozilla/5.0 (Windows NT 10.0; Win64; x64) AppleWebKit/537.36 (KHTML, like Gecko) Chrome/87.0.4280.66 Safari/537.36', 6, 'com.quan.system.web.controller.SysUserController', 'queryPage', NULL, '2021-01-19 15:10:44', '2021-01-19 15:10:44');
INSERT INTO `sys_log` VALUES (1171, 3, 'admin', '127.0.0.1', '查询系统用户列表', '/system/sysuser/page', 'GET', '{\"limit\":\"10\",\"page\":\"1\"}', 'Mozilla/5.0 (Windows NT 10.0; Win64; x64) AppleWebKit/537.36 (KHTML, like Gecko) Chrome/87.0.4280.66 Safari/537.36', 256, 'com.quan.system.web.controller.SysUserController', 'queryPage', NULL, '2021-01-19 15:16:33', '2021-01-19 15:16:33');
INSERT INTO `sys_log` VALUES (1172, 3, 'admin', '127.0.0.1', '查询系统用户列表', '/system/sysuser/page', 'GET', '{\"limit\":\"10\",\"page\":\"1\"}', 'Mozilla/5.0 (Windows NT 10.0; Win64; x64) AppleWebKit/537.36 (KHTML, like Gecko) Chrome/87.0.4280.66 Safari/537.36', 47, 'com.quan.system.web.controller.SysUserController', 'queryPage', NULL, '2021-01-19 15:18:14', '2021-01-19 15:18:14');
INSERT INTO `sys_log` VALUES (1173, 3, 'admin', '127.0.0.1', '查询系统用户列表', '/system/sysuser/page', 'GET', '{\"limit\":\"10\",\"page\":\"1\"}', 'Mozilla/5.0 (Windows NT 10.0; Win64; x64) AppleWebKit/537.36 (KHTML, like Gecko) Chrome/87.0.4280.66 Safari/537.36', 56, 'com.quan.system.web.controller.SysUserController', 'queryPage', NULL, '2021-01-19 15:18:23', '2021-01-19 15:18:23');
INSERT INTO `sys_log` VALUES (1174, 3, 'admin', '127.0.0.1', '查询系统用户列表', '/system/sysuser/page', 'GET', '{\"limit\":\"10\",\"page\":\"1\"}', 'Mozilla/5.0 (Windows NT 10.0; Win64; x64) AppleWebKit/537.36 (KHTML, like Gecko) Chrome/87.0.4280.66 Safari/537.36', 36, 'com.quan.system.web.controller.SysUserController', 'queryPage', NULL, '2021-01-19 15:18:36', '2021-01-19 15:18:36');
INSERT INTO `sys_log` VALUES (1175, 4, 'admin', '127.0.0.1', '查询系统用户列表', '/system/sysuser/page', 'GET', '{\"limit\":\"10\",\"page\":\"1\"}', 'Mozilla/5.0 (Windows NT 10.0; Win64; x64) AppleWebKit/537.36 (KHTML, like Gecko) Chrome/87.0.4280.66 Safari/537.36', NULL, 'com.quan.system.web.controller.SysUserController', 'queryPage', '\r\n### Error querying database.  Cause: java.sql.SQLSyntaxErrorException: You have an error in your SQL syntax; check the manual that corresponds to your MySQL server version for the right syntax to use near \'))\' at line 3\r\n### The error may exist in com/quan/system/mapper/SysRoleMapper.java (best guess)\r\n### The error may involve defaultParameterMap\r\n### The error occurred while setting parameters\r\n### SQL: SELECT  id,name,remarks,ctime,utime  FROM sys_role     WHERE (id IN ())\r\n### Cause: java.sql.SQLSyntaxErrorException: You have an error in your SQL syntax; check the manual that corresponds to your MySQL server version for the right syntax to use near \'))\' at line 3\n; bad SQL grammar []; nested exception is java.sql.SQLSyntaxErrorException: You have an error in your SQL syntax; check the manual that corresponds to your MySQL server version for the right syntax to use near \'))\' at line 3', '2021-01-19 15:26:29', '2021-01-19 15:26:29');
INSERT INTO `sys_log` VALUES (1176, 4, 'admin', '127.0.0.1', '查询系统用户列表', '/system/sysuser/page', 'GET', '{\"limit\":\"10\",\"page\":\"1\"}', 'Mozilla/5.0 (Windows NT 10.0; Win64; x64) AppleWebKit/537.36 (KHTML, like Gecko) Chrome/87.0.4280.66 Safari/537.36', NULL, 'com.quan.system.web.controller.SysUserController', 'queryPage', '\r\n### Error querying database.  Cause: java.sql.SQLSyntaxErrorException: You have an error in your SQL syntax; check the manual that corresponds to your MySQL server version for the right syntax to use near \'))\' at line 3\r\n### The error may exist in com/quan/system/mapper/SysRoleMapper.java (best guess)\r\n### The error may involve defaultParameterMap\r\n### The error occurred while setting parameters\r\n### SQL: SELECT  id,name,remarks,ctime,utime  FROM sys_role     WHERE (id IN ())\r\n### Cause: java.sql.SQLSyntaxErrorException: You have an error in your SQL syntax; check the manual that corresponds to your MySQL server version for the right syntax to use near \'))\' at line 3\n; bad SQL grammar []; nested exception is java.sql.SQLSyntaxErrorException: You have an error in your SQL syntax; check the manual that corresponds to your MySQL server version for the right syntax to use near \'))\' at line 3', '2021-01-19 15:28:41', '2021-01-19 15:28:41');
INSERT INTO `sys_log` VALUES (1177, 3, 'admin', '127.0.0.1', '查询系统用户列表', '/system/sysuser/page', 'GET', '{\"limit\":\"10\",\"page\":\"1\"}', 'Mozilla/5.0 (Windows NT 10.0; Win64; x64) AppleWebKit/537.36 (KHTML, like Gecko) Chrome/87.0.4280.66 Safari/537.36', 286, 'com.quan.system.web.controller.SysUserController', 'queryPage', NULL, '2021-01-19 15:30:26', '2021-01-19 15:30:26');
INSERT INTO `sys_log` VALUES (1178, 3, 'admin', '127.0.0.1', '查询系统用户列表', '/system/sysuser/page', 'GET', '{\"limit\":\"10\",\"page\":\"1\"}', 'Mozilla/5.0 (Windows NT 10.0; Win64; x64) AppleWebKit/537.36 (KHTML, like Gecko) Chrome/87.0.4280.66 Safari/537.36', 336, 'com.quan.system.web.controller.SysUserController', 'queryPage', NULL, '2021-01-19 15:31:23', '2021-01-19 15:31:23');
INSERT INTO `sys_log` VALUES (1179, 3, 'admin', '127.0.0.1', '查询系统用户列表', '/system/sysuser/page', 'GET', '{\"limit\":\"10\",\"page\":\"1\"}', 'Mozilla/5.0 (Windows NT 10.0; Win64; x64) AppleWebKit/537.36 (KHTML, like Gecko) Chrome/87.0.4280.66 Safari/537.36', 58, 'com.quan.system.web.controller.SysUserController', 'queryPage', NULL, '2021-01-19 15:31:43', '2021-01-19 15:31:43');
INSERT INTO `sys_log` VALUES (1180, 3, 'admin', '127.0.0.1', '查询系统用户列表', '/system/sysuser/page', 'GET', '{\"limit\":\"10\",\"page\":\"1\"}', 'Mozilla/5.0 (Windows NT 10.0; Win64; x64) AppleWebKit/537.36 (KHTML, like Gecko) Chrome/87.0.4280.66 Safari/537.36', 44, 'com.quan.system.web.controller.SysUserController', 'queryPage', NULL, '2021-01-19 15:32:45', '2021-01-19 15:32:45');
INSERT INTO `sys_log` VALUES (1181, 3, 'admin', '127.0.0.1', '查询系统用户列表', '/system/sysuser/page', 'GET', '{\"limit\":\"10\",\"page\":\"1\"}', 'Mozilla/5.0 (Windows NT 10.0; Win64; x64) AppleWebKit/537.36 (KHTML, like Gecko) Chrome/87.0.4280.66 Safari/537.36', 53, 'com.quan.system.web.controller.SysUserController', 'queryPage', NULL, '2021-01-19 15:34:20', '2021-01-19 15:34:20');
INSERT INTO `sys_log` VALUES (1182, 3, 'admin', '127.0.0.1', '查询系统用户列表', '/system/sysuser/page', 'GET', '{\"limit\":\"10\",\"page\":\"1\"}', 'Mozilla/5.0 (Windows NT 10.0; Win64; x64) AppleWebKit/537.36 (KHTML, like Gecko) Chrome/87.0.4280.66 Safari/537.36', 63, 'com.quan.system.web.controller.SysUserController', 'queryPage', NULL, '2021-01-19 15:35:50', '2021-01-19 15:35:50');
INSERT INTO `sys_log` VALUES (1183, 3, 'admin', '127.0.0.1', '查询系统用户列表', '/system/sysuser/page', 'GET', '{\"limit\":\"10\",\"page\":\"1\"}', 'Mozilla/5.0 (Windows NT 10.0; Win64; x64) AppleWebKit/537.36 (KHTML, like Gecko) Chrome/87.0.4280.66 Safari/537.36', 37, 'com.quan.system.web.controller.SysUserController', 'queryPage', NULL, '2021-01-19 15:36:08', '2021-01-19 15:36:08');
INSERT INTO `sys_log` VALUES (1184, 3, 'admin', '127.0.0.1', '查询系统用户列表', '/system/sysuser/page', 'GET', '{\"limit\":\"10\",\"page\":\"1\"}', 'Mozilla/5.0 (Windows NT 10.0; Win64; x64) AppleWebKit/537.36 (KHTML, like Gecko) Chrome/87.0.4280.66 Safari/537.36', 52, 'com.quan.system.web.controller.SysUserController', 'queryPage', NULL, '2021-01-19 15:36:27', '2021-01-19 15:36:27');
INSERT INTO `sys_log` VALUES (1185, 3, 'admin', '127.0.0.1', '查询系统用户列表', '/system/sysuser/page', 'GET', '{\"limit\":\"10\",\"page\":\"1\"}', 'Mozilla/5.0 (Windows NT 10.0; Win64; x64) AppleWebKit/537.36 (KHTML, like Gecko) Chrome/87.0.4280.66 Safari/537.36', 64, 'com.quan.system.web.controller.SysUserController', 'queryPage', NULL, '2021-01-19 15:36:38', '2021-01-19 15:36:38');
INSERT INTO `sys_log` VALUES (1186, 3, 'admin', '127.0.0.1', '查询系统用户列表', '/system/sysuser/page', 'GET', '{\"limit\":\"10\",\"page\":\"1\"}', 'Mozilla/5.0 (Windows NT 10.0; Win64; x64) AppleWebKit/537.36 (KHTML, like Gecko) Chrome/87.0.4280.66 Safari/537.36', 40, 'com.quan.system.web.controller.SysUserController', 'queryPage', NULL, '2021-01-19 15:38:12', '2021-01-19 15:38:12');
INSERT INTO `sys_log` VALUES (1187, 3, 'admin', '127.0.0.1', '查询系统用户列表', '/system/sysuser/page', 'GET', '{\"limit\":\"10\",\"page\":\"1\"}', 'Mozilla/5.0 (Windows NT 10.0; Win64; x64) AppleWebKit/537.36 (KHTML, like Gecko) Chrome/87.0.4280.66 Safari/537.36', 54, 'com.quan.system.web.controller.SysUserController', 'queryPage', NULL, '2021-01-19 15:39:52', '2021-01-19 15:39:52');
INSERT INTO `sys_log` VALUES (1188, 3, 'admin', '127.0.0.1', '查询系统用户列表', '/system/sysuser/page', 'GET', '{\"limit\":\"10\",\"page\":\"1\"}', 'Mozilla/5.0 (Windows NT 10.0; Win64; x64) AppleWebKit/537.36 (KHTML, like Gecko) Chrome/87.0.4280.66 Safari/537.36', 54, 'com.quan.system.web.controller.SysUserController', 'queryPage', NULL, '2021-01-19 15:40:43', '2021-01-19 15:40:43');
INSERT INTO `sys_log` VALUES (1189, 3, 'admin', '127.0.0.1', '查询系统用户列表', '/system/sysuser/page', 'GET', '{\"limit\":\"10\",\"page\":\"1\"}', 'Mozilla/5.0 (Windows NT 10.0; Win64; x64) AppleWebKit/537.36 (KHTML, like Gecko) Chrome/87.0.4280.66 Safari/537.36', 74, 'com.quan.system.web.controller.SysUserController', 'queryPage', NULL, '2021-01-19 15:41:03', '2021-01-19 15:41:03');
INSERT INTO `sys_log` VALUES (1190, 3, 'admin', '127.0.0.1', '查询系统用户列表', '/system/sysuser/page', 'GET', '{\"limit\":\"10\",\"page\":\"1\"}', 'Mozilla/5.0 (Windows NT 10.0; Win64; x64) AppleWebKit/537.36 (KHTML, like Gecko) Chrome/87.0.4280.66 Safari/537.36', 43, 'com.quan.system.web.controller.SysUserController', 'queryPage', NULL, '2021-01-19 15:41:22', '2021-01-19 15:41:22');
INSERT INTO `sys_log` VALUES (1191, 3, 'admin', '127.0.0.1', '查询系统用户列表', '/system/sysuser/page', 'GET', '{\"limit\":\"10\",\"page\":\"1\"}', 'Mozilla/5.0 (Windows NT 10.0; Win64; x64) AppleWebKit/537.36 (KHTML, like Gecko) Chrome/87.0.4280.66 Safari/537.36', 46, 'com.quan.system.web.controller.SysUserController', 'queryPage', NULL, '2021-01-19 15:41:32', '2021-01-19 15:41:32');
INSERT INTO `sys_log` VALUES (1192, 3, 'admin', '127.0.0.1', '查询系统用户列表', '/system/sysuser/page', 'GET', '{\"limit\":\"10\",\"page\":\"1\"}', 'Mozilla/5.0 (Windows NT 10.0; Win64; x64) AppleWebKit/537.36 (KHTML, like Gecko) Chrome/87.0.4280.66 Safari/537.36', 36, 'com.quan.system.web.controller.SysUserController', 'queryPage', NULL, '2021-01-19 15:42:05', '2021-01-19 15:42:05');
INSERT INTO `sys_log` VALUES (1193, 3, 'admin', '127.0.0.1', '查询系统用户列表', '/system/sysuser/page', 'GET', '{\"limit\":\"10\",\"page\":\"1\"}', 'Mozilla/5.0 (Windows NT 10.0; Win64; x64) AppleWebKit/537.36 (KHTML, like Gecko) Chrome/87.0.4280.66 Safari/537.36', 63, 'com.quan.system.web.controller.SysUserController', 'queryPage', NULL, '2021-01-19 15:42:17', '2021-01-19 15:42:17');
INSERT INTO `sys_log` VALUES (1194, 3, 'admin', '127.0.0.1', '查询系统用户列表', '/system/sysuser/page', 'GET', '{\"limit\":\"10\",\"page\":\"1\"}', 'Mozilla/5.0 (Windows NT 10.0; Win64; x64) AppleWebKit/537.36 (KHTML, like Gecko) Chrome/87.0.4280.66 Safari/537.36', 40, 'com.quan.system.web.controller.SysUserController', 'queryPage', NULL, '2021-01-19 15:42:33', '2021-01-19 15:42:33');
INSERT INTO `sys_log` VALUES (1195, 3, 'admin', '127.0.0.1', '查询系统用户列表', '/system/sysuser/page', 'GET', '{\"limit\":\"10\",\"page\":\"1\"}', 'Mozilla/5.0 (Windows NT 10.0; Win64; x64) AppleWebKit/537.36 (KHTML, like Gecko) Chrome/87.0.4280.66 Safari/537.36', 49, 'com.quan.system.web.controller.SysUserController', 'queryPage', NULL, '2021-01-19 15:42:45', '2021-01-19 15:42:45');
INSERT INTO `sys_log` VALUES (1196, 3, 'admin', '127.0.0.1', '查询系统用户列表', '/system/sysuser/page', 'GET', '{\"limit\":\"10\",\"page\":\"1\"}', 'Mozilla/5.0 (Windows NT 10.0; Win64; x64) AppleWebKit/537.36 (KHTML, like Gecko) Chrome/87.0.4280.66 Safari/537.36', 32, 'com.quan.system.web.controller.SysUserController', 'queryPage', NULL, '2021-01-19 15:43:03', '2021-01-19 15:43:03');
INSERT INTO `sys_log` VALUES (1197, 3, 'admin', '127.0.0.1', '查询系统用户列表', '/system/sysuser/page', 'GET', '{\"limit\":\"10\",\"page\":\"1\"}', 'Mozilla/5.0 (Windows NT 10.0; Win64; x64) AppleWebKit/537.36 (KHTML, like Gecko) Chrome/87.0.4280.66 Safari/537.36', 41, 'com.quan.system.web.controller.SysUserController', 'queryPage', NULL, '2021-01-19 15:43:21', '2021-01-19 15:43:21');
INSERT INTO `sys_log` VALUES (1198, 3, 'admin', '127.0.0.1', '查询系统用户列表', '/system/sysuser/page', 'GET', '{\"limit\":\"10\",\"page\":\"1\"}', 'Mozilla/5.0 (Windows NT 10.0; Win64; x64) AppleWebKit/537.36 (KHTML, like Gecko) Chrome/87.0.4280.66 Safari/537.36', 41, 'com.quan.system.web.controller.SysUserController', 'queryPage', NULL, '2021-01-19 15:43:57', '2021-01-19 15:43:57');
INSERT INTO `sys_log` VALUES (1199, 3, 'admin', '127.0.0.1', '查询系统用户列表', '/system/sysuser/page', 'GET', '{\"limit\":\"10\",\"page\":\"1\"}', 'Mozilla/5.0 (Windows NT 10.0; Win64; x64) AppleWebKit/537.36 (KHTML, like Gecko) Chrome/87.0.4280.66 Safari/537.36', 32, 'com.quan.system.web.controller.SysUserController', 'queryPage', NULL, '2021-01-19 15:45:33', '2021-01-19 15:45:33');
INSERT INTO `sys_log` VALUES (1200, 3, 'admin', '127.0.0.1', '查询系统用户列表', '/system/sysuser/page', 'GET', '{\"limit\":\"10\",\"page\":\"1\"}', 'Mozilla/5.0 (Windows NT 10.0; Win64; x64) AppleWebKit/537.36 (KHTML, like Gecko) Chrome/87.0.4280.66 Safari/537.36', 44, 'com.quan.system.web.controller.SysUserController', 'queryPage', NULL, '2021-01-19 15:45:41', '2021-01-19 15:45:41');
INSERT INTO `sys_log` VALUES (1201, 3, 'admin', '127.0.0.1', '查询系统用户列表', '/system/sysuser/page', 'GET', '{\"limit\":\"10\",\"page\":\"1\"}', 'Mozilla/5.0 (Windows NT 10.0; Win64; x64) AppleWebKit/537.36 (KHTML, like Gecko) Chrome/87.0.4280.66 Safari/537.36', 44, 'com.quan.system.web.controller.SysUserController', 'queryPage', NULL, '2021-01-19 15:45:54', '2021-01-19 15:45:54');
INSERT INTO `sys_log` VALUES (1202, 3, 'admin', '127.0.0.1', '查询系统用户列表', '/system/sysuser/page', 'GET', '{\"limit\":\"10\",\"page\":\"1\"}', 'Mozilla/5.0 (Windows NT 10.0; Win64; x64) AppleWebKit/537.36 (KHTML, like Gecko) Chrome/87.0.4280.66 Safari/537.36', 41, 'com.quan.system.web.controller.SysUserController', 'queryPage', NULL, '2021-01-19 15:46:02', '2021-01-19 15:46:02');
INSERT INTO `sys_log` VALUES (1203, 3, 'admin', '127.0.0.1', '查询系统用户列表', '/system/sysuser/page', 'GET', '{\"limit\":\"10\",\"page\":\"1\"}', 'Mozilla/5.0 (Windows NT 10.0; Win64; x64) AppleWebKit/537.36 (KHTML, like Gecko) Chrome/87.0.4280.66 Safari/537.36', 41, 'com.quan.system.web.controller.SysUserController', 'queryPage', NULL, '2021-01-19 15:46:29', '2021-01-19 15:46:29');
INSERT INTO `sys_log` VALUES (1204, 3, 'admin', '127.0.0.1', '查询系统用户列表', '/system/sysuser/page', 'GET', '{\"limit\":\"10\",\"page\":\"1\"}', 'Mozilla/5.0 (Windows NT 10.0; Win64; x64) AppleWebKit/537.36 (KHTML, like Gecko) Chrome/87.0.4280.66 Safari/537.36', 38, 'com.quan.system.web.controller.SysUserController', 'queryPage', NULL, '2021-01-19 15:46:47', '2021-01-19 15:46:47');
INSERT INTO `sys_log` VALUES (1205, 3, 'admin', '127.0.0.1', '查询系统用户列表', '/system/sysuser/page', 'GET', '{\"limit\":\"10\",\"page\":\"1\"}', 'Mozilla/5.0 (Windows NT 10.0; Win64; x64) AppleWebKit/537.36 (KHTML, like Gecko) Chrome/87.0.4280.66 Safari/537.36', 36, 'com.quan.system.web.controller.SysUserController', 'queryPage', NULL, '2021-01-19 15:46:55', '2021-01-19 15:46:55');
INSERT INTO `sys_log` VALUES (1206, 3, 'admin', '127.0.0.1', '查询系统用户列表', '/system/sysuser/page', 'GET', '{\"limit\":\"10\",\"page\":\"1\"}', 'Mozilla/5.0 (Windows NT 10.0; Win64; x64) AppleWebKit/537.36 (KHTML, like Gecko) Chrome/87.0.4280.66 Safari/537.36', 43, 'com.quan.system.web.controller.SysUserController', 'queryPage', NULL, '2021-01-19 15:47:06', '2021-01-19 15:47:06');
INSERT INTO `sys_log` VALUES (1207, 3, 'admin', '127.0.0.1', '查询系统用户列表', '/system/sysuser/page', 'GET', '{\"limit\":\"10\",\"page\":\"1\"}', 'Mozilla/5.0 (Windows NT 10.0; Win64; x64) AppleWebKit/537.36 (KHTML, like Gecko) Chrome/87.0.4280.66 Safari/537.36', 30, 'com.quan.system.web.controller.SysUserController', 'queryPage', NULL, '2021-01-19 15:48:15', '2021-01-19 15:48:15');
INSERT INTO `sys_log` VALUES (1208, 3, 'admin', '127.0.0.1', '查询系统用户列表', '/system/sysuser/page', 'GET', '{\"limit\":\"10\",\"page\":\"1\"}', 'Mozilla/5.0 (Windows NT 10.0; Win64; x64) AppleWebKit/537.36 (KHTML, like Gecko) Chrome/87.0.4280.66 Safari/537.36', 40, 'com.quan.system.web.controller.SysUserController', 'queryPage', NULL, '2021-01-19 15:48:49', '2021-01-19 15:48:49');
INSERT INTO `sys_log` VALUES (1209, 3, 'admin', '127.0.0.1', '查询系统用户列表', '/system/sysuser/page', 'GET', '{\"limit\":\"10\",\"page\":\"1\"}', 'Mozilla/5.0 (Windows NT 10.0; Win64; x64) AppleWebKit/537.36 (KHTML, like Gecko) Chrome/87.0.4280.66 Safari/537.36', 36, 'com.quan.system.web.controller.SysUserController', 'queryPage', NULL, '2021-01-19 15:49:23', '2021-01-19 15:49:23');
INSERT INTO `sys_log` VALUES (1210, 3, 'admin', '127.0.0.1', '查询系统用户列表', '/system/sysuser/page', 'GET', '{\"limit\":\"10\",\"page\":\"1\"}', 'Mozilla/5.0 (Windows NT 10.0; Win64; x64) AppleWebKit/537.36 (KHTML, like Gecko) Chrome/87.0.4280.66 Safari/537.36', 45, 'com.quan.system.web.controller.SysUserController', 'queryPage', NULL, '2021-01-19 15:50:04', '2021-01-19 15:50:04');
INSERT INTO `sys_log` VALUES (1211, 3, 'admin', '127.0.0.1', '查询系统用户列表', '/system/sysuser/page', 'GET', '{\"limit\":\"10\",\"page\":\"1\"}', 'Mozilla/5.0 (Windows NT 10.0; Win64; x64) AppleWebKit/537.36 (KHTML, like Gecko) Chrome/87.0.4280.66 Safari/537.36', 41, 'com.quan.system.web.controller.SysUserController', 'queryPage', NULL, '2021-01-19 15:50:06', '2021-01-19 15:50:06');
INSERT INTO `sys_log` VALUES (1212, 3, 'admin', '127.0.0.1', '查询系统用户列表', '/system/sysuser/page', 'GET', '{\"limit\":\"10\",\"page\":\"1\"}', 'Mozilla/5.0 (Windows NT 10.0; Win64; x64) AppleWebKit/537.36 (KHTML, like Gecko) Chrome/87.0.4280.66 Safari/537.36', 35, 'com.quan.system.web.controller.SysUserController', 'queryPage', NULL, '2021-01-19 15:50:15', '2021-01-19 15:50:15');
INSERT INTO `sys_log` VALUES (1213, 3, 'admin', '127.0.0.1', '查询系统用户列表', '/system/sysuser/page', 'GET', '{\"limit\":\"10\",\"page\":\"1\"}', 'Mozilla/5.0 (Windows NT 10.0; Win64; x64) AppleWebKit/537.36 (KHTML, like Gecko) Chrome/87.0.4280.66 Safari/537.36', 27, 'com.quan.system.web.controller.SysUserController', 'queryPage', NULL, '2021-01-19 15:51:47', '2021-01-19 15:51:47');
INSERT INTO `sys_log` VALUES (1214, 3, 'admin', '127.0.0.1', '查询系统用户列表', '/system/sysuser/page', 'GET', '{\"limit\":\"10\",\"page\":\"1\"}', 'Mozilla/5.0 (Windows NT 10.0; Win64; x64) AppleWebKit/537.36 (KHTML, like Gecko) Chrome/87.0.4280.66 Safari/537.36', 41, 'com.quan.system.web.controller.SysUserController', 'queryPage', NULL, '2021-01-19 15:52:32', '2021-01-19 15:52:32');
INSERT INTO `sys_log` VALUES (1215, 3, 'admin', '127.0.0.1', '查询系统用户列表', '/system/sysuser/page', 'GET', '{\"limit\":\"10\",\"page\":\"1\"}', 'Mozilla/5.0 (Windows NT 10.0; Win64; x64) AppleWebKit/537.36 (KHTML, like Gecko) Chrome/87.0.4280.66 Safari/537.36', 30, 'com.quan.system.web.controller.SysUserController', 'queryPage', NULL, '2021-01-19 15:53:12', '2021-01-19 15:53:12');
INSERT INTO `sys_log` VALUES (1216, 3, 'admin', '127.0.0.1', '查询系统用户列表', '/system/sysuser/page', 'GET', '{\"limit\":\"10\",\"page\":\"1\"}', 'Mozilla/5.0 (Windows NT 10.0; Win64; x64) AppleWebKit/537.36 (KHTML, like Gecko) Chrome/87.0.4280.66 Safari/537.36', 29, 'com.quan.system.web.controller.SysUserController', 'queryPage', NULL, '2021-01-19 15:53:22', '2021-01-19 15:53:22');
INSERT INTO `sys_log` VALUES (1217, 3, 'admin', '127.0.0.1', '查询系统用户列表', '/system/sysuser/page', 'GET', '{\"limit\":\"10\",\"page\":\"1\"}', 'Mozilla/5.0 (Windows NT 10.0; Win64; x64) AppleWebKit/537.36 (KHTML, like Gecko) Chrome/87.0.4280.66 Safari/537.36', 21, 'com.quan.system.web.controller.SysUserController', 'queryPage', NULL, '2021-01-19 16:11:42', '2021-01-19 16:11:42');
INSERT INTO `sys_log` VALUES (1218, 3, 'admin', '127.0.0.1', '查询系统用户列表', '/system/sysuser/page', 'GET', '{\"limit\":\"10\",\"page\":\"1\"}', 'Mozilla/5.0 (Windows NT 10.0; Win64; x64) AppleWebKit/537.36 (KHTML, like Gecko) Chrome/87.0.4280.66 Safari/537.36', 30, 'com.quan.system.web.controller.SysUserController', 'queryPage', NULL, '2021-01-19 16:11:45', '2021-01-19 16:11:45');
INSERT INTO `sys_log` VALUES (1219, 1, 'admin', '127.0.0.1', '用户登录', '/system/sysuser/login', 'POST', '{}', 'Mozilla/5.0 (Windows NT 10.0; Win64; x64) AppleWebKit/537.36 (KHTML, like Gecko) Chrome/87.0.4280.66 Safari/537.36', NULL, NULL, NULL, NULL, '2021-01-19 16:24:45', '2021-01-19 16:24:45');
INSERT INTO `sys_log` VALUES (1220, 1, 'admin', '127.0.0.1', '用户登录', '/system/sysuser/login', 'POST', '{}', 'Mozilla/5.0 (Windows NT 10.0; Win64; x64) AppleWebKit/537.36 (KHTML, like Gecko) Chrome/87.0.4280.66 Safari/537.36', NULL, NULL, NULL, NULL, '2021-01-19 21:04:29', '2021-01-19 21:04:29');
INSERT INTO `sys_log` VALUES (1221, 1, 'admin', '127.0.0.1', '用户登录', '/system/sysuser/login', 'POST', '{}', 'Mozilla/5.0 (Windows NT 10.0; Win64; x64) AppleWebKit/537.36 (KHTML, like Gecko) Chrome/87.0.4280.66 Safari/537.36', NULL, NULL, NULL, NULL, '2021-01-19 21:27:25', '2021-01-19 21:27:25');
INSERT INTO `sys_log` VALUES (1222, 1, 'admin', '127.0.0.1', '用户登录', '/system/sysuser/login', 'POST', '{}', 'Mozilla/5.0 (Windows NT 10.0; Win64; x64) AppleWebKit/537.36 (KHTML, like Gecko) Chrome/87.0.4280.66 Safari/537.36', NULL, NULL, NULL, NULL, '2021-01-20 10:43:29', '2021-01-20 10:43:29');
INSERT INTO `sys_log` VALUES (1223, 1, 'admin', '127.0.0.1', '用户登录', '/system/sysuser/login', 'POST', '{}', 'Mozilla/5.0 (Windows NT 10.0; Win64; x64) AppleWebKit/537.36 (KHTML, like Gecko) Chrome/87.0.4280.66 Safari/537.36', NULL, NULL, NULL, NULL, '2021-01-20 11:36:49', '2021-01-20 11:36:49');
INSERT INTO `sys_log` VALUES (1224, 1, 'admin', '127.0.0.1', '用户登录', '/system/sysuser/login', 'POST', '{}', 'Mozilla/5.0 (Windows NT 10.0; Win64; x64) AppleWebKit/537.36 (KHTML, like Gecko) Chrome/87.0.4280.66 Safari/537.36', NULL, NULL, NULL, NULL, '2021-01-21 22:41:53', '2021-01-21 22:41:53');
INSERT INTO `sys_log` VALUES (1225, 1, 'admin', '127.0.0.1', '用户登录', '/system/sysuser/login', 'POST', '{}', 'Mozilla/5.0 (Windows NT 10.0; Win64; x64) AppleWebKit/537.36 (KHTML, like Gecko) Chrome/87.0.4280.66 Safari/537.36', NULL, NULL, NULL, NULL, '2021-01-22 00:15:27', '2021-01-22 00:15:27');
INSERT INTO `sys_log` VALUES (1226, 1, 'admin', '127.0.0.1', '用户登出', '/system/sysuser/logout', 'GET', '{}', 'Mozilla/5.0 (Windows NT 10.0; Win64; x64) AppleWebKit/537.36 (KHTML, like Gecko) Chrome/87.0.4280.66 Safari/537.36', NULL, NULL, NULL, NULL, '2021-01-22 00:15:36', '2021-01-22 00:15:36');
INSERT INTO `sys_log` VALUES (1227, 1, 'admin', '127.0.0.1', '用户登录', '/system/sysuser/login', 'POST', '{}', 'Mozilla/5.0 (Windows NT 10.0; Win64; x64) AppleWebKit/537.36 (KHTML, like Gecko) Chrome/87.0.4280.66 Safari/537.36', NULL, NULL, NULL, NULL, '2021-01-22 00:16:14', '2021-01-22 00:16:14');
INSERT INTO `sys_log` VALUES (1228, 1, 'admin', '127.0.0.1', '用户登出', '/system/sysuser/logout', 'GET', '{}', 'Mozilla/5.0 (Windows NT 10.0; Win64; x64) AppleWebKit/537.36 (KHTML, like Gecko) Chrome/87.0.4280.66 Safari/537.36', NULL, NULL, NULL, NULL, '2021-01-22 00:16:18', '2021-01-22 00:16:18');
INSERT INTO `sys_log` VALUES (1229, 1, 'admin', '127.0.0.1', '用户登录', '/system/sysuser/login', 'POST', '{}', 'Mozilla/5.0 (Windows NT 10.0; Win64; x64) AppleWebKit/537.36 (KHTML, like Gecko) Chrome/87.0.4280.66 Safari/537.36', NULL, NULL, NULL, NULL, '2021-01-22 00:16:20', '2021-01-22 00:16:20');
INSERT INTO `sys_log` VALUES (1230, 1, 'admin', '127.0.0.1', '用户登出', '/system/sysuser/logout', 'GET', '{}', 'Mozilla/5.0 (Windows NT 10.0; Win64; x64) AppleWebKit/537.36 (KHTML, like Gecko) Chrome/87.0.4280.66 Safari/537.36', NULL, NULL, NULL, NULL, '2021-01-22 00:16:23', '2021-01-22 00:16:23');
INSERT INTO `sys_log` VALUES (1231, 1, 'admin', '127.0.0.1', '用户登录', '/system/sysuser/login', 'POST', '{}', 'Mozilla/5.0 (Windows NT 10.0; Win64; x64) AppleWebKit/537.36 (KHTML, like Gecko) Chrome/87.0.4280.66 Safari/537.36', NULL, NULL, NULL, NULL, '2021-01-22 00:16:26', '2021-01-22 00:16:26');
INSERT INTO `sys_log` VALUES (1232, 1, 'admin', '127.0.0.1', '用户登出', '/system/sysuser/logout', 'GET', '{}', 'Mozilla/5.0 (Windows NT 10.0; Win64; x64) AppleWebKit/537.36 (KHTML, like Gecko) Chrome/87.0.4280.66 Safari/537.36', NULL, NULL, NULL, NULL, '2021-01-22 00:16:29', '2021-01-22 00:16:29');
INSERT INTO `sys_log` VALUES (1233, 1, 'admin', '127.0.0.1', '用户登录', '/system/sysuser/login', 'POST', '{}', 'Mozilla/5.0 (Windows NT 10.0; Win64; x64) AppleWebKit/537.36 (KHTML, like Gecko) Chrome/87.0.4280.66 Safari/537.36', NULL, NULL, NULL, NULL, '2021-01-22 00:16:56', '2021-01-22 00:16:56');
INSERT INTO `sys_log` VALUES (1234, 3, 'admin', '127.0.0.1', '查询系统用户列表', '/system/sysuser/page', 'GET', '{\"limit\":\"10\",\"page\":\"1\"}', 'Mozilla/5.0 (Windows NT 10.0; Win64; x64) AppleWebKit/537.36 (KHTML, like Gecko) Chrome/87.0.4280.66 Safari/537.36', 55, 'com.quan.system.web.controller.SysUserController', 'queryPage', NULL, '2021-01-22 00:17:06', '2021-01-22 00:17:06');
INSERT INTO `sys_log` VALUES (1235, 1, 'admin', '127.0.0.1', '用户登录', '/system/sysuser/login', 'POST', '{}', 'Mozilla/5.0 (Windows NT 10.0; Win64; x64) AppleWebKit/537.36 (KHTML, like Gecko) Chrome/87.0.4280.66 Safari/537.36', NULL, NULL, NULL, NULL, '2021-01-24 21:25:26', '2021-01-24 21:25:26');
INSERT INTO `sys_log` VALUES (1236, 3, 'admin', '127.0.0.1', '查询系统用户列表', '/system/sysuser/page', 'GET', '{\"limit\":\"10\",\"page\":\"1\"}', 'Mozilla/5.0 (Windows NT 10.0; Win64; x64) AppleWebKit/537.36 (KHTML, like Gecko) Chrome/87.0.4280.66 Safari/537.36', 171, 'com.quan.system.web.controller.SysUserController', 'queryPage', NULL, '2021-01-24 21:38:41', '2021-01-24 21:38:41');
INSERT INTO `sys_log` VALUES (1237, 2, 'admin', '127.0.0.1', '查询系统用户列表', '/system/sysuser/page', 'GET', '{\"limit\":\"10\",\"page\":\"1\"}', 'Mozilla/5.0 (Windows NT 10.0; Win64; x64) AppleWebKit/537.36 (KHTML, like Gecko) Chrome/87.0.4280.66 Safari/537.36', 44, 'com.quan.system.web.controller.SysUserController', 'queryPage', NULL, '2021-01-24 22:13:28', '2021-01-24 22:13:28');
INSERT INTO `sys_log` VALUES (1238, 2, 'admin', '127.0.0.1', '查询系统用户列表', '/system/sysuser/page', 'GET', '{\"limit\":\"10\",\"page\":\"1\"}', 'Mozilla/5.0 (Windows NT 10.0; Win64; x64) AppleWebKit/537.36 (KHTML, like Gecko) Chrome/87.0.4280.66 Safari/537.36', 26, 'com.quan.system.web.controller.SysUserController', 'queryPage', NULL, '2021-01-24 22:16:04', '2021-01-24 22:16:04');
INSERT INTO `sys_log` VALUES (1239, 1, 'admin', '127.0.0.1', '用户登录', '/system/sysuser/login', 'POST', '{}', 'Mozilla/5.0 (Windows NT 10.0; Win64; x64) AppleWebKit/537.36 (KHTML, like Gecko) Chrome/87.0.4280.66 Safari/537.36', NULL, NULL, NULL, NULL, '2021-01-24 22:57:56', '2021-01-24 22:57:56');
INSERT INTO `sys_log` VALUES (1240, 2, 'admin', '127.0.0.1', '查询系统用户列表', '/system/sysuser/page', 'GET', '{\"limit\":\"10\",\"page\":\"1\"}', 'Mozilla/5.0 (Windows NT 10.0; Win64; x64) AppleWebKit/537.36 (KHTML, like Gecko) Chrome/87.0.4280.66 Safari/537.36', 27, 'com.quan.system.web.controller.SysUserController', 'queryPage', NULL, '2021-01-24 22:58:01', '2021-01-24 22:58:01');
INSERT INTO `sys_log` VALUES (1241, 1, 'admin', '127.0.0.1', '用户登录', '/system/sysuser/login', 'POST', '{}', 'Mozilla/5.0 (Windows NT 10.0; Win64; x64) AppleWebKit/537.36 (KHTML, like Gecko) Chrome/87.0.4280.66 Safari/537.36', NULL, NULL, NULL, NULL, '2021-01-26 10:11:48', '2021-01-26 10:11:48');
INSERT INTO `sys_log` VALUES (1242, 1, 'admin', '127.0.0.1', '用户登录', '/system/sysuser/login', 'POST', '{}', 'Mozilla/5.0 (Windows NT 10.0; Win64; x64) AppleWebKit/537.36 (KHTML, like Gecko) Chrome/87.0.4280.66 Safari/537.36', NULL, NULL, NULL, NULL, '2021-01-26 10:55:21', '2021-01-26 10:55:21');
INSERT INTO `sys_log` VALUES (1243, 1, 'admin', '127.0.0.1', '用户登录', '/system/sysuser/login', 'POST', '{}', 'Mozilla/5.0 (Windows NT 10.0; Win64; x64) AppleWebKit/537.36 (KHTML, like Gecko) Chrome/87.0.4280.66 Safari/537.36', NULL, NULL, NULL, NULL, '2021-01-26 10:55:45', '2021-01-26 10:55:45');
INSERT INTO `sys_log` VALUES (1244, 2, 'admin', '127.0.0.1', '查询系统用户列表', '/system/sysuser/page', 'GET', '{\"limit\":\"10\",\"page\":\"1\"}', 'Mozilla/5.0 (Windows NT 10.0; Win64; x64) AppleWebKit/537.36 (KHTML, like Gecko) Chrome/87.0.4280.66 Safari/537.36', 88, 'com.quan.system.web.controller.SysUserController', 'queryPage', NULL, '2021-01-26 10:56:44', '2021-01-26 10:56:44');
INSERT INTO `sys_log` VALUES (1245, 2, 'admin', '127.0.0.1', '查询系统用户列表', '/system/sysuser/page', 'GET', '{\"limit\":\"10\",\"page\":\"1\"}', 'Mozilla/5.0 (Windows NT 10.0; Win64; x64) AppleWebKit/537.36 (KHTML, like Gecko) Chrome/87.0.4280.66 Safari/537.36', 58, 'com.quan.system.web.controller.SysUserController', 'queryPage', NULL, '2021-01-26 10:59:28', '2021-01-26 10:59:28');
INSERT INTO `sys_log` VALUES (1246, 2, 'admin', '127.0.0.1', '查询系统用户列表', '/system/sysuser/page', 'GET', '{\"limit\":\"10\",\"page\":\"1\"}', 'Mozilla/5.0 (Windows NT 10.0; Win64; x64) AppleWebKit/537.36 (KHTML, like Gecko) Chrome/87.0.4280.66 Safari/537.36', 59, 'com.quan.system.web.controller.SysUserController', 'queryPage', NULL, '2021-01-26 11:06:28', '2021-01-26 11:06:28');
INSERT INTO `sys_log` VALUES (1247, 2, 'admin', '127.0.0.1', '查询系统用户列表', '/system/sysuser/page', 'GET', '{\"limit\":\"10\",\"page\":\"1\"}', 'Mozilla/5.0 (Windows NT 10.0; Win64; x64) AppleWebKit/537.36 (KHTML, like Gecko) Chrome/87.0.4280.66 Safari/537.36', 50, 'com.quan.system.web.controller.SysUserController', 'queryPage', NULL, '2021-01-26 11:06:37', '2021-01-26 11:06:37');
INSERT INTO `sys_log` VALUES (1248, 2, 'admin', '127.0.0.1', '查询系统用户列表', '/system/sysuser/page', 'GET', '{\"limit\":\"10\",\"page\":\"1\"}', 'Mozilla/5.0 (Windows NT 10.0; Win64; x64) AppleWebKit/537.36 (KHTML, like Gecko) Chrome/87.0.4280.66 Safari/537.36', 38, 'com.quan.system.web.controller.SysUserController', 'queryPage', NULL, '2021-01-26 11:06:43', '2021-01-26 11:06:43');
INSERT INTO `sys_log` VALUES (1249, 1, 'admin', '127.0.0.1', '用户登录', '/system/sysuser/login', 'POST', '{}', 'Mozilla/5.0 (Windows NT 10.0; Win64; x64) AppleWebKit/537.36 (KHTML, like Gecko) Chrome/87.0.4280.66 Safari/537.36', NULL, NULL, NULL, NULL, '2021-01-26 14:27:43', '2021-01-26 14:27:43');
INSERT INTO `sys_log` VALUES (1250, 2, 'admin', '127.0.0.1', '查询系统用户列表', '/system/sysuser/page', 'GET', '{\"limit\":\"10\",\"page\":\"1\"}', 'Mozilla/5.0 (Windows NT 10.0; Win64; x64) AppleWebKit/537.36 (KHTML, like Gecko) Chrome/87.0.4280.66 Safari/537.36', 50, 'com.quan.system.web.controller.SysUserController', 'queryPage', NULL, '2021-01-26 14:28:17', '2021-01-26 14:28:17');
INSERT INTO `sys_log` VALUES (1251, 2, 'admin', '127.0.0.1', '查询系统用户列表', '/system/sysuser/page', 'GET', '{\"limit\":\"10\",\"page\":\"1\"}', 'Mozilla/5.0 (Windows NT 10.0; Win64; x64) AppleWebKit/537.36 (KHTML, like Gecko) Chrome/87.0.4280.66 Safari/537.36', 50, 'com.quan.system.web.controller.SysUserController', 'queryPage', NULL, '2021-01-26 14:28:23', '2021-01-26 14:28:23');
INSERT INTO `sys_log` VALUES (1252, 1, 'admin', '127.0.0.1', '用户登录', '/system/sysuser/login', 'POST', '{}', 'Mozilla/5.0 (Windows NT 10.0; Win64; x64) AppleWebKit/537.36 (KHTML, like Gecko) Chrome/87.0.4280.66 Safari/537.36', NULL, NULL, NULL, NULL, '2021-01-26 21:05:39', '2021-01-26 21:05:39');
INSERT INTO `sys_log` VALUES (1253, 1, 'admin', '127.0.0.1', '用户登录', '/system/sysuser/login', 'POST', '{}', 'Mozilla/5.0 (Windows NT 10.0; Win64; x64) AppleWebKit/537.36 (KHTML, like Gecko) Chrome/87.0.4280.66 Safari/537.36', NULL, NULL, NULL, NULL, '2021-01-26 23:20:04', '2021-01-26 23:20:04');
INSERT INTO `sys_log` VALUES (1254, 1, 'admin', '127.0.0.1', '用户登录', '/system/sysuser/login', 'POST', '{}', 'Mozilla/5.0 (Windows NT 10.0; Win64; x64) AppleWebKit/537.36 (KHTML, like Gecko) Chrome/87.0.4280.66 Safari/537.36', NULL, NULL, NULL, NULL, '2021-01-27 09:34:59', '2021-01-27 09:34:59');
INSERT INTO `sys_log` VALUES (1255, 2, 'admin', '127.0.0.1', '查询系统用户列表', '/system/sysuser/page', 'GET', '{\"limit\":\"10\",\"page\":\"1\"}', 'Mozilla/5.0 (Windows NT 10.0; Win64; x64) AppleWebKit/537.36 (KHTML, like Gecko) Chrome/87.0.4280.66 Safari/537.36', 195, 'com.quan.system.web.controller.SysUserController', 'queryPage', NULL, '2021-01-27 09:35:15', '2021-01-27 09:35:15');
INSERT INTO `sys_log` VALUES (1256, 2, 'admin', '127.0.0.1', '查询系统用户列表', '/system/sysuser/page', 'GET', '{\"limit\":\"10\",\"page\":\"1\"}', 'Mozilla/5.0 (Windows NT 10.0; Win64; x64) AppleWebKit/537.36 (KHTML, like Gecko) Chrome/87.0.4280.66 Safari/537.36', 56, 'com.quan.system.web.controller.SysUserController', 'queryPage', NULL, '2021-01-27 09:35:24', '2021-01-27 09:35:24');
INSERT INTO `sys_log` VALUES (1257, 2, 'admin', '127.0.0.1', '查询系统用户列表', '/system/sysuser/page', 'GET', '{\"limit\":\"10\",\"page\":\"1\"}', 'Mozilla/5.0 (Windows NT 10.0; Win64; x64) AppleWebKit/537.36 (KHTML, like Gecko) Chrome/87.0.4280.66 Safari/537.36', 54, 'com.quan.system.web.controller.SysUserController', 'queryPage', NULL, '2021-01-27 09:35:37', '2021-01-27 09:35:37');
INSERT INTO `sys_log` VALUES (1258, 2, 'admin', '127.0.0.1', '查询系统用户列表', '/system/sysuser/page', 'GET', '{\"limit\":\"10\",\"page\":\"1\"}', 'Mozilla/5.0 (Windows NT 10.0; Win64; x64) AppleWebKit/537.36 (KHTML, like Gecko) Chrome/87.0.4280.66 Safari/537.36', 59, 'com.quan.system.web.controller.SysUserController', 'queryPage', NULL, '2021-01-27 09:35:50', '2021-01-27 09:35:50');
INSERT INTO `sys_log` VALUES (1259, 2, 'admin', '127.0.0.1', '查询系统用户列表', '/system/sysuser/page', 'GET', '{\"limit\":\"10\",\"page\":\"1\"}', 'Mozilla/5.0 (Windows NT 10.0; Win64; x64) AppleWebKit/537.36 (KHTML, like Gecko) Chrome/87.0.4280.66 Safari/537.36', 55, 'com.quan.system.web.controller.SysUserController', 'queryPage', NULL, '2021-01-27 09:36:07', '2021-01-27 09:36:07');
INSERT INTO `sys_log` VALUES (1260, 2, 'admin', '127.0.0.1', '查询系统用户列表', '/system/sysuser/page', 'GET', '{\"limit\":\"10\",\"page\":\"1\"}', 'Mozilla/5.0 (Windows NT 10.0; Win64; x64) AppleWebKit/537.36 (KHTML, like Gecko) Chrome/87.0.4280.66 Safari/537.36', 44, 'com.quan.system.web.controller.SysUserController', 'queryPage', NULL, '2021-01-27 09:36:09', '2021-01-27 09:36:09');
INSERT INTO `sys_log` VALUES (1261, 2, 'admin', '127.0.0.1', '查询系统用户列表', '/system/sysuser/page', 'GET', '{\"limit\":\"10\",\"page\":\"1\"}', 'Mozilla/5.0 (Windows NT 10.0; Win64; x64) AppleWebKit/537.36 (KHTML, like Gecko) Chrome/87.0.4280.66 Safari/537.36', 41, 'com.quan.system.web.controller.SysUserController', 'queryPage', NULL, '2021-01-27 09:36:19', '2021-01-27 09:36:19');
INSERT INTO `sys_log` VALUES (1262, 2, 'admin', '127.0.0.1', '查询系统用户列表', '/system/sysuser/page', 'GET', '{\"limit\":\"10\",\"page\":\"1\"}', 'Mozilla/5.0 (Windows NT 10.0; Win64; x64) AppleWebKit/537.36 (KHTML, like Gecko) Chrome/87.0.4280.66 Safari/537.36', 51, 'com.quan.system.web.controller.SysUserController', 'queryPage', NULL, '2021-01-27 09:36:22', '2021-01-27 09:36:22');
INSERT INTO `sys_log` VALUES (1263, 2, 'admin', '127.0.0.1', '查询系统用户列表', '/system/sysuser/page', 'GET', '{\"limit\":\"10\",\"page\":\"1\"}', 'Mozilla/5.0 (Windows NT 10.0; Win64; x64) AppleWebKit/537.36 (KHTML, like Gecko) Chrome/87.0.4280.66 Safari/537.36', 65, 'com.quan.system.web.controller.SysUserController', 'queryPage', NULL, '2021-01-27 09:39:35', '2021-01-27 09:39:35');
INSERT INTO `sys_log` VALUES (1264, 2, 'admin', '127.0.0.1', '查询系统用户列表', '/system/sysuser/page', 'GET', '{\"limit\":\"10\",\"page\":\"1\"}', 'Mozilla/5.0 (Windows NT 10.0; Win64; x64) AppleWebKit/537.36 (KHTML, like Gecko) Chrome/87.0.4280.66 Safari/537.36', 39, 'com.quan.system.web.controller.SysUserController', 'queryPage', NULL, '2021-01-27 09:39:48', '2021-01-27 09:39:48');
INSERT INTO `sys_log` VALUES (1265, 2, 'admin', '127.0.0.1', '查询系统用户列表', '/system/sysuser/page', 'GET', '{\"limit\":\"10\",\"page\":\"1\"}', 'Mozilla/5.0 (Windows NT 10.0; Win64; x64) AppleWebKit/537.36 (KHTML, like Gecko) Chrome/87.0.4280.66 Safari/537.36', 49, 'com.quan.system.web.controller.SysUserController', 'queryPage', NULL, '2021-01-27 09:39:52', '2021-01-27 09:39:52');
INSERT INTO `sys_log` VALUES (1266, 1, 'admin', '127.0.0.1', '用户登录', '/system/sysuser/login', 'POST', '{}', 'Mozilla/5.0 (Windows NT 10.0; Win64; x64) AppleWebKit/537.36 (KHTML, like Gecko) Chrome/87.0.4280.66 Safari/537.36', NULL, NULL, NULL, NULL, '2021-01-27 11:25:49', '2021-01-27 11:25:49');
INSERT INTO `sys_log` VALUES (1267, 2, 'admin', '127.0.0.1', '查询系统用户列表', '/system/sysuser/page', 'GET', '{\"limit\":\"10\",\"page\":\"1\"}', 'Mozilla/5.0 (Windows NT 10.0; Win64; x64) AppleWebKit/537.36 (KHTML, like Gecko) Chrome/87.0.4280.66 Safari/537.36', 34, 'com.quan.system.web.controller.SysUserController', 'queryPage', NULL, '2021-01-27 11:25:57', '2021-01-27 11:25:57');
INSERT INTO `sys_log` VALUES (1268, 2, 'admin', '127.0.0.1', '查询系统用户列表', '/system/sysuser/page', 'GET', '{\"limit\":\"10\",\"page\":\"1\"}', 'Mozilla/5.0 (Windows NT 10.0; Win64; x64) AppleWebKit/537.36 (KHTML, like Gecko) Chrome/87.0.4280.66 Safari/537.36', 50, 'com.quan.system.web.controller.SysUserController', 'queryPage', NULL, '2021-01-27 11:26:19', '2021-01-27 11:26:19');
INSERT INTO `sys_log` VALUES (1269, 2, 'admin', '127.0.0.1', '查询系统用户列表', '/system/sysuser/page', 'GET', '{\"limit\":\"10\",\"page\":\"1\"}', 'Mozilla/5.0 (Windows NT 10.0; Win64; x64) AppleWebKit/537.36 (KHTML, like Gecko) Chrome/87.0.4280.66 Safari/537.36', 41, 'com.quan.system.web.controller.SysUserController', 'queryPage', NULL, '2021-01-27 11:26:21', '2021-01-27 11:26:21');
INSERT INTO `sys_log` VALUES (1270, 2, 'admin', '127.0.0.1', '查询系统用户列表', '/system/sysuser/page', 'GET', '{\"limit\":\"10\",\"page\":\"1\"}', 'Mozilla/5.0 (Windows NT 10.0; Win64; x64) AppleWebKit/537.36 (KHTML, like Gecko) Chrome/87.0.4280.66 Safari/537.36', 48, 'com.quan.system.web.controller.SysUserController', 'queryPage', NULL, '2021-01-27 11:26:27', '2021-01-27 11:26:27');
INSERT INTO `sys_log` VALUES (1271, 1, 'admin', '127.0.0.1', '用户登录', '/system/sysuser/login', 'POST', '{}', 'Mozilla/5.0 (Windows NT 10.0; Win64; x64) AppleWebKit/537.36 (KHTML, like Gecko) Chrome/87.0.4280.66 Safari/537.36', NULL, NULL, NULL, NULL, '2021-01-27 11:26:54', '2021-01-27 11:26:54');
INSERT INTO `sys_log` VALUES (1272, 2, 'admin', '127.0.0.1', '查询系统用户列表', '/system/sysuser/page', 'GET', '{\"limit\":\"10\",\"page\":\"1\"}', 'Mozilla/5.0 (Windows NT 10.0; Win64; x64) AppleWebKit/537.36 (KHTML, like Gecko) Chrome/87.0.4280.66 Safari/537.36', 43, 'com.quan.system.web.controller.SysUserController', 'queryPage', NULL, '2021-01-27 11:27:58', '2021-01-27 11:27:58');
INSERT INTO `sys_log` VALUES (1273, 2, 'admin', '127.0.0.1', '查询系统用户列表', '/system/sysuser/page', 'GET', '{\"limit\":\"10\",\"page\":\"1\"}', 'Mozilla/5.0 (Windows NT 10.0; Win64; x64) AppleWebKit/537.36 (KHTML, like Gecko) Chrome/87.0.4280.66 Safari/537.36', 45, 'com.quan.system.web.controller.SysUserController', 'queryPage', NULL, '2021-01-27 11:29:26', '2021-01-27 11:29:26');
INSERT INTO `sys_log` VALUES (1274, 1, 'admin', '127.0.0.1', '用户登录', '/system/sysuser/login', 'POST', '{}', 'Mozilla/5.0 (Windows NT 10.0; Win64; x64) AppleWebKit/537.36 (KHTML, like Gecko) Chrome/87.0.4280.66 Safari/537.36', NULL, NULL, NULL, NULL, '2021-01-27 15:33:48', '2021-01-27 15:33:48');
INSERT INTO `sys_log` VALUES (1275, 2, 'admin', '127.0.0.1', '查询系统用户列表', '/system/sysuser/page', 'GET', '{\"limit\":\"10\",\"page\":\"1\"}', 'Mozilla/5.0 (Windows NT 10.0; Win64; x64) AppleWebKit/537.36 (KHTML, like Gecko) Chrome/87.0.4280.66 Safari/537.36', 166, 'com.quan.system.web.controller.SysUserController', 'queryPage', NULL, '2021-01-27 15:33:54', '2021-01-27 15:33:54');
INSERT INTO `sys_log` VALUES (1276, 2, 'admin', '127.0.0.1', '查询系统用户列表', '/system/sysuser/page', 'GET', '{\"limit\":\"10\",\"page\":\"1\"}', 'Mozilla/5.0 (Windows NT 10.0; Win64; x64) AppleWebKit/537.36 (KHTML, like Gecko) Chrome/87.0.4280.66 Safari/537.36', 48, 'com.quan.system.web.controller.SysUserController', 'queryPage', NULL, '2021-01-27 15:35:47', '2021-01-27 15:35:47');
INSERT INTO `sys_log` VALUES (1277, 2, 'admin', '127.0.0.1', '查询系统用户列表', '/system/sysuser/page', 'GET', '{\"limit\":\"10\",\"page\":\"1\"}', 'Mozilla/5.0 (Windows NT 10.0; Win64; x64) AppleWebKit/537.36 (KHTML, like Gecko) Chrome/87.0.4280.66 Safari/537.36', 45, 'com.quan.system.web.controller.SysUserController', 'queryPage', NULL, '2021-01-27 15:36:01', '2021-01-27 15:36:01');
INSERT INTO `sys_log` VALUES (1278, 2, 'admin', '127.0.0.1', '查询系统用户列表', '/system/sysuser/page', 'GET', '{\"limit\":\"10\",\"page\":\"1\"}', 'Mozilla/5.0 (Windows NT 10.0; Win64; x64) AppleWebKit/537.36 (KHTML, like Gecko) Chrome/87.0.4280.66 Safari/537.36', 32, 'com.quan.system.web.controller.SysUserController', 'queryPage', NULL, '2021-01-27 15:36:46', '2021-01-27 15:36:46');
INSERT INTO `sys_log` VALUES (1279, 2, 'admin', '127.0.0.1', '查询系统用户列表', '/system/sysuser/page', 'GET', '{\"limit\":\"10\",\"page\":\"1\"}', 'Mozilla/5.0 (Windows NT 10.0; Win64; x64) AppleWebKit/537.36 (KHTML, like Gecko) Chrome/87.0.4280.66 Safari/537.36', 58, 'com.quan.system.web.controller.SysUserController', 'queryPage', NULL, '2021-01-27 15:37:44', '2021-01-27 15:37:44');
INSERT INTO `sys_log` VALUES (1280, 2, 'admin', '127.0.0.1', '查询系统用户列表', '/system/sysuser/page', 'GET', '{\"limit\":\"10\",\"page\":\"1\"}', 'Mozilla/5.0 (Windows NT 10.0; Win64; x64) AppleWebKit/537.36 (KHTML, like Gecko) Chrome/87.0.4280.66 Safari/537.36', 61, 'com.quan.system.web.controller.SysUserController', 'queryPage', NULL, '2021-01-27 15:37:52', '2021-01-27 15:37:52');
INSERT INTO `sys_log` VALUES (1281, 2, 'admin', '127.0.0.1', '查询系统用户列表', '/system/sysuser/page', 'GET', '{\"limit\":\"10\",\"page\":\"1\"}', 'Mozilla/5.0 (Windows NT 10.0; Win64; x64) AppleWebKit/537.36 (KHTML, like Gecko) Chrome/87.0.4280.66 Safari/537.36', 50, 'com.quan.system.web.controller.SysUserController', 'queryPage', NULL, '2021-01-27 15:38:03', '2021-01-27 15:38:03');
INSERT INTO `sys_log` VALUES (1282, 2, 'admin', '127.0.0.1', '查询系统用户列表', '/system/sysuser/page', 'GET', '{\"limit\":\"10\",\"page\":\"1\"}', 'Mozilla/5.0 (Windows NT 10.0; Win64; x64) AppleWebKit/537.36 (KHTML, like Gecko) Chrome/87.0.4280.66 Safari/537.36', 58, 'com.quan.system.web.controller.SysUserController', 'queryPage', NULL, '2021-01-27 15:38:15', '2021-01-27 15:38:15');
INSERT INTO `sys_log` VALUES (1283, 2, 'admin', '127.0.0.1', '查询系统用户列表', '/system/sysuser/page', 'GET', '{\"limit\":\"10\",\"page\":\"1\"}', 'Mozilla/5.0 (Windows NT 10.0; Win64; x64) AppleWebKit/537.36 (KHTML, like Gecko) Chrome/87.0.4280.66 Safari/537.36', 44, 'com.quan.system.web.controller.SysUserController', 'queryPage', NULL, '2021-01-27 15:38:26', '2021-01-27 15:38:26');
INSERT INTO `sys_log` VALUES (1284, 2, 'admin', '127.0.0.1', '查询系统用户列表', '/system/sysuser/page', 'GET', '{\"limit\":\"10\",\"page\":\"1\"}', 'Mozilla/5.0 (Windows NT 10.0; Win64; x64) AppleWebKit/537.36 (KHTML, like Gecko) Chrome/87.0.4280.66 Safari/537.36', 47, 'com.quan.system.web.controller.SysUserController', 'queryPage', NULL, '2021-01-27 15:38:45', '2021-01-27 15:38:45');
INSERT INTO `sys_log` VALUES (1285, 2, 'admin', '127.0.0.1', '查询系统用户列表', '/system/sysuser/page', 'GET', '{\"limit\":\"10\",\"page\":\"1\"}', 'Mozilla/5.0 (Windows NT 10.0; Win64; x64) AppleWebKit/537.36 (KHTML, like Gecko) Chrome/87.0.4280.66 Safari/537.36', 51, 'com.quan.system.web.controller.SysUserController', 'queryPage', NULL, '2021-01-27 15:39:06', '2021-01-27 15:39:06');
INSERT INTO `sys_log` VALUES (1286, 2, 'admin', '127.0.0.1', '查询系统用户列表', '/system/sysuser/page', 'GET', '{\"limit\":\"10\",\"page\":\"1\"}', 'Mozilla/5.0 (Windows NT 10.0; Win64; x64) AppleWebKit/537.36 (KHTML, like Gecko) Chrome/87.0.4280.66 Safari/537.36', 55, 'com.quan.system.web.controller.SysUserController', 'queryPage', NULL, '2021-01-27 15:39:13', '2021-01-27 15:39:13');
INSERT INTO `sys_log` VALUES (1287, 2, 'admin', '127.0.0.1', '查询系统用户列表', '/system/sysuser/page', 'GET', '{\"limit\":\"10\",\"page\":\"1\"}', 'Mozilla/5.0 (Windows NT 10.0; Win64; x64) AppleWebKit/537.36 (KHTML, like Gecko) Chrome/87.0.4280.66 Safari/537.36', 52, 'com.quan.system.web.controller.SysUserController', 'queryPage', NULL, '2021-01-27 15:40:02', '2021-01-27 15:40:02');
INSERT INTO `sys_log` VALUES (1288, 2, 'admin', '127.0.0.1', '查询系统用户列表', '/system/sysuser/page', 'GET', '{\"limit\":\"10\",\"page\":\"1\"}', 'Mozilla/5.0 (Windows NT 10.0; Win64; x64) AppleWebKit/537.36 (KHTML, like Gecko) Chrome/87.0.4280.66 Safari/537.36', 50, 'com.quan.system.web.controller.SysUserController', 'queryPage', NULL, '2021-01-27 15:40:16', '2021-01-27 15:40:16');
INSERT INTO `sys_log` VALUES (1289, 2, 'admin', '127.0.0.1', '查询系统用户列表', '/system/sysuser/page', 'GET', '{\"limit\":\"10\",\"page\":\"1\"}', 'Mozilla/5.0 (Windows NT 10.0; Win64; x64) AppleWebKit/537.36 (KHTML, like Gecko) Chrome/87.0.4280.66 Safari/537.36', 48, 'com.quan.system.web.controller.SysUserController', 'queryPage', NULL, '2021-01-27 15:40:29', '2021-01-27 15:40:29');
INSERT INTO `sys_log` VALUES (1290, 2, 'admin', '127.0.0.1', '查询系统用户列表', '/system/sysuser/page', 'GET', '{\"limit\":\"10\",\"page\":\"1\"}', 'Mozilla/5.0 (Windows NT 10.0; Win64; x64) AppleWebKit/537.36 (KHTML, like Gecko) Chrome/87.0.4280.66 Safari/537.36', 43, 'com.quan.system.web.controller.SysUserController', 'queryPage', NULL, '2021-01-27 15:40:42', '2021-01-27 15:40:42');
INSERT INTO `sys_log` VALUES (1291, 2, 'admin', '127.0.0.1', '查询系统用户列表', '/system/sysuser/page', 'GET', '{\"limit\":\"10\",\"page\":\"1\"}', 'Mozilla/5.0 (Windows NT 10.0; Win64; x64) AppleWebKit/537.36 (KHTML, like Gecko) Chrome/87.0.4280.66 Safari/537.36', 46, 'com.quan.system.web.controller.SysUserController', 'queryPage', NULL, '2021-01-27 15:40:49', '2021-01-27 15:40:49');
INSERT INTO `sys_log` VALUES (1292, 2, 'admin', '127.0.0.1', '查询系统用户列表', '/system/sysuser/page', 'GET', '{\"limit\":\"10\",\"page\":\"1\"}', 'Mozilla/5.0 (Windows NT 10.0; Win64; x64) AppleWebKit/537.36 (KHTML, like Gecko) Chrome/87.0.4280.66 Safari/537.36', 38, 'com.quan.system.web.controller.SysUserController', 'queryPage', NULL, '2021-01-27 15:40:58', '2021-01-27 15:40:58');
INSERT INTO `sys_log` VALUES (1293, 2, 'admin', '127.0.0.1', '查询系统用户列表', '/system/sysuser/page', 'GET', '{\"limit\":\"10\",\"page\":\"1\"}', 'Mozilla/5.0 (Windows NT 10.0; Win64; x64) AppleWebKit/537.36 (KHTML, like Gecko) Chrome/87.0.4280.66 Safari/537.36', 33, 'com.quan.system.web.controller.SysUserController', 'queryPage', NULL, '2021-01-27 15:41:04', '2021-01-27 15:41:04');
INSERT INTO `sys_log` VALUES (1294, 2, 'admin', '127.0.0.1', '查询系统用户列表', '/system/sysuser/page', 'GET', '{\"limit\":\"10\",\"page\":\"1\"}', 'Mozilla/5.0 (Windows NT 10.0; Win64; x64) AppleWebKit/537.36 (KHTML, like Gecko) Chrome/87.0.4280.66 Safari/537.36', 55, 'com.quan.system.web.controller.SysUserController', 'queryPage', NULL, '2021-01-27 15:41:18', '2021-01-27 15:41:18');
INSERT INTO `sys_log` VALUES (1295, 2, 'admin', '127.0.0.1', '查询系统用户列表', '/system/sysuser/page', 'GET', '{\"limit\":\"10\",\"page\":\"1\"}', 'Mozilla/5.0 (Windows NT 10.0; Win64; x64) AppleWebKit/537.36 (KHTML, like Gecko) Chrome/87.0.4280.66 Safari/537.36', 44, 'com.quan.system.web.controller.SysUserController', 'queryPage', NULL, '2021-01-27 15:41:33', '2021-01-27 15:41:33');
INSERT INTO `sys_log` VALUES (1296, 2, 'admin', '127.0.0.1', '查询系统用户列表', '/system/sysuser/page', 'GET', '{\"limit\":\"10\",\"page\":\"1\"}', 'Mozilla/5.0 (Windows NT 10.0; Win64; x64) AppleWebKit/537.36 (KHTML, like Gecko) Chrome/87.0.4280.66 Safari/537.36', 24, 'com.quan.system.web.controller.SysUserController', 'queryPage', NULL, '2021-01-27 15:43:19', '2021-01-27 15:43:19');
INSERT INTO `sys_log` VALUES (1297, 2, 'admin', '127.0.0.1', '查询系统用户列表', '/system/sysuser/page', 'GET', '{\"limit\":\"10\",\"page\":\"1\"}', 'Mozilla/5.0 (Windows NT 10.0; Win64; x64) AppleWebKit/537.36 (KHTML, like Gecko) Chrome/87.0.4280.66 Safari/537.36', 31, 'com.quan.system.web.controller.SysUserController', 'queryPage', NULL, '2021-01-27 15:45:00', '2021-01-27 15:45:00');
INSERT INTO `sys_log` VALUES (1298, 1, 'admin', '127.0.0.1', '用户登录', '/system/sysuser/login', 'POST', '{}', 'Mozilla/5.0 (Windows NT 10.0; Win64; x64) AppleWebKit/537.36 (KHTML, like Gecko) Chrome/87.0.4280.66 Safari/537.36', NULL, NULL, NULL, NULL, '2021-01-27 17:00:22', '2021-01-27 17:00:22');
INSERT INTO `sys_log` VALUES (1299, 2, 'admin', '127.0.0.1', '查询系统用户列表', '/system/sysuser/page', 'GET', '{\"limit\":\"10\",\"page\":\"1\"}', 'Mozilla/5.0 (Windows NT 10.0; Win64; x64) AppleWebKit/537.36 (KHTML, like Gecko) Chrome/87.0.4280.66 Safari/537.36', 25, 'com.quan.system.web.controller.SysUserController', 'queryPage', NULL, '2021-01-27 17:00:26', '2021-01-27 17:00:26');
INSERT INTO `sys_log` VALUES (1300, 1, 'admin', '127.0.0.1', '用户登录', '/system/sysuser/login', 'POST', '{}', 'Mozilla/5.0 (Windows NT 10.0; Win64; x64) AppleWebKit/537.36 (KHTML, like Gecko) Chrome/87.0.4280.66 Safari/537.36', NULL, NULL, NULL, NULL, '2021-01-27 21:04:49', '2021-01-27 21:04:49');
INSERT INTO `sys_log` VALUES (1301, 2, 'admin', '127.0.0.1', '查询系统用户列表', '/system/sysuser/page', 'GET', '{\"limit\":\"10\",\"page\":\"1\"}', 'Mozilla/5.0 (Windows NT 10.0; Win64; x64) AppleWebKit/537.36 (KHTML, like Gecko) Chrome/87.0.4280.66 Safari/537.36', 33, 'com.quan.system.web.controller.SysUserController', 'queryPage', NULL, '2021-01-27 21:04:57', '2021-01-27 21:04:57');
INSERT INTO `sys_log` VALUES (1302, 2, 'admin', '127.0.0.1', '查询系统用户列表', '/system/sysuser/page', 'GET', '{\"limit\":\"10\",\"page\":\"1\"}', 'Mozilla/5.0 (Windows NT 10.0; Win64; x64) AppleWebKit/537.36 (KHTML, like Gecko) Chrome/87.0.4280.66 Safari/537.36', 41, 'com.quan.system.web.controller.SysUserController', 'queryPage', NULL, '2021-01-27 21:06:52', '2021-01-27 21:06:52');
INSERT INTO `sys_log` VALUES (1303, 2, 'admin', '127.0.0.1', '查询系统用户列表', '/system/sysuser/page', 'GET', '{\"limit\":\"10\",\"page\":\"1\"}', 'Mozilla/5.0 (Windows NT 10.0; Win64; x64) AppleWebKit/537.36 (KHTML, like Gecko) Chrome/87.0.4280.66 Safari/537.36', 36, 'com.quan.system.web.controller.SysUserController', 'queryPage', NULL, '2021-01-27 21:06:56', '2021-01-27 21:06:56');
INSERT INTO `sys_log` VALUES (1304, 2, 'admin', '127.0.0.1', '查询系统用户列表', '/system/sysuser/page', 'GET', '{\"limit\":\"10\",\"page\":\"1\"}', 'Mozilla/5.0 (Windows NT 10.0; Win64; x64) AppleWebKit/537.36 (KHTML, like Gecko) Chrome/87.0.4280.66 Safari/537.36', 30, 'com.quan.system.web.controller.SysUserController', 'queryPage', NULL, '2021-01-27 21:07:31', '2021-01-27 21:07:31');
INSERT INTO `sys_log` VALUES (1305, 2, 'admin', '127.0.0.1', '查询系统用户列表', '/system/sysuser/page', 'GET', '{\"limit\":\"10\",\"page\":\"1\"}', 'Mozilla/5.0 (Windows NT 10.0; Win64; x64) AppleWebKit/537.36 (KHTML, like Gecko) Chrome/87.0.4280.66 Safari/537.36', 26, 'com.quan.system.web.controller.SysUserController', 'queryPage', NULL, '2021-01-27 21:07:35', '2021-01-27 21:07:35');
INSERT INTO `sys_log` VALUES (1306, 2, 'admin', '127.0.0.1', '查询系统用户列表', '/system/sysuser/page', 'GET', '{\"limit\":\"10\",\"page\":\"1\"}', 'Mozilla/5.0 (Windows NT 10.0; Win64; x64) AppleWebKit/537.36 (KHTML, like Gecko) Chrome/87.0.4280.66 Safari/537.36', 23, 'com.quan.system.web.controller.SysUserController', 'queryPage', NULL, '2021-01-27 21:08:08', '2021-01-27 21:08:08');
INSERT INTO `sys_log` VALUES (1307, 2, 'admin', '127.0.0.1', '查询系统用户列表', '/system/sysuser/page', 'GET', '{\"limit\":\"10\",\"page\":\"1\"}', 'Mozilla/5.0 (Windows NT 10.0; Win64; x64) AppleWebKit/537.36 (KHTML, like Gecko) Chrome/87.0.4280.66 Safari/537.36', 25, 'com.quan.system.web.controller.SysUserController', 'queryPage', NULL, '2021-01-27 21:08:13', '2021-01-27 21:08:13');
INSERT INTO `sys_log` VALUES (1308, 2, 'admin', '127.0.0.1', '查询系统用户列表', '/system/sysuser/page', 'GET', '{\"limit\":\"10\",\"page\":\"1\"}', 'Mozilla/5.0 (Windows NT 10.0; Win64; x64) AppleWebKit/537.36 (KHTML, like Gecko) Chrome/87.0.4280.66 Safari/537.36', 27, 'com.quan.system.web.controller.SysUserController', 'queryPage', NULL, '2021-01-27 21:08:52', '2021-01-27 21:08:52');
INSERT INTO `sys_log` VALUES (1309, 2, 'admin', '127.0.0.1', '查询系统用户列表', '/system/sysuser/page', 'GET', '{\"limit\":\"10\",\"page\":\"1\"}', 'Mozilla/5.0 (Windows NT 10.0; Win64; x64) AppleWebKit/537.36 (KHTML, like Gecko) Chrome/87.0.4280.66 Safari/537.36', 57, 'com.quan.system.web.controller.SysUserController', 'queryPage', NULL, '2021-01-27 21:09:33', '2021-01-27 21:09:33');
INSERT INTO `sys_log` VALUES (1310, 2, 'admin', '127.0.0.1', '查询系统用户列表', '/system/sysuser/page', 'GET', '{\"limit\":\"10\",\"page\":\"1\"}', 'Mozilla/5.0 (Windows NT 10.0; Win64; x64) AppleWebKit/537.36 (KHTML, like Gecko) Chrome/87.0.4280.66 Safari/537.36', 188, 'com.quan.system.web.controller.SysUserController', 'queryPage', NULL, '2021-01-27 21:23:18', '2021-01-27 21:23:18');
INSERT INTO `sys_log` VALUES (1311, 2, 'admin', '127.0.0.1', '查询系统用户列表', '/system/sysuser/page', 'GET', '{\"limit\":\"10\",\"page\":\"1\"}', 'Mozilla/5.0 (Windows NT 10.0; Win64; x64) AppleWebKit/537.36 (KHTML, like Gecko) Chrome/87.0.4280.66 Safari/537.36', 77, 'com.quan.system.web.controller.SysUserController', 'queryPage', NULL, '2021-01-27 21:23:44', '2021-01-27 21:23:44');
INSERT INTO `sys_log` VALUES (1312, 2, 'admin', '127.0.0.1', '查询系统用户列表', '/system/sysuser/page', 'GET', '{\"limit\":\"10\",\"page\":\"1\"}', 'Mozilla/5.0 (Windows NT 10.0; Win64; x64) AppleWebKit/537.36 (KHTML, like Gecko) Chrome/87.0.4280.66 Safari/537.36', 52, 'com.quan.system.web.controller.SysUserController', 'queryPage', NULL, '2021-01-27 21:24:08', '2021-01-27 21:24:08');
INSERT INTO `sys_log` VALUES (1313, 2, 'admin', '127.0.0.1', '查询系统用户列表', '/system/sysuser/page', 'GET', '{\"limit\":\"10\",\"page\":\"1\"}', 'Mozilla/5.0 (Windows NT 10.0; Win64; x64) AppleWebKit/537.36 (KHTML, like Gecko) Chrome/87.0.4280.66 Safari/537.36', 231, 'com.quan.system.web.controller.SysUserController', 'queryPage', NULL, '2021-01-27 21:25:24', '2021-01-27 21:25:24');
INSERT INTO `sys_log` VALUES (1314, 2, 'admin', '127.0.0.1', '查询系统用户列表', '/system/sysuser/page', 'GET', '{\"limit\":\"10\",\"page\":\"1\"}', 'Mozilla/5.0 (Windows NT 10.0; Win64; x64) AppleWebKit/537.36 (KHTML, like Gecko) Chrome/87.0.4280.66 Safari/537.36', 202, 'com.quan.system.web.controller.SysUserController', 'queryPage', NULL, '2021-01-27 21:28:01', '2021-01-27 21:28:01');
INSERT INTO `sys_log` VALUES (1315, 2, 'admin', '127.0.0.1', '查询系统用户列表', '/system/sysuser/page', 'GET', '{\"limit\":\"10\",\"page\":\"1\"}', 'Mozilla/5.0 (Windows NT 10.0; Win64; x64) AppleWebKit/537.36 (KHTML, like Gecko) Chrome/87.0.4280.66 Safari/537.36', 58, 'com.quan.system.web.controller.SysUserController', 'queryPage', NULL, '2021-01-27 21:28:38', '2021-01-27 21:28:38');
INSERT INTO `sys_log` VALUES (1316, 1, 'admin', '127.0.0.1', '用户登录', '/system/sysuser/login', 'POST', '{}', 'Mozilla/5.0 (Windows NT 10.0; Win64; x64) AppleWebKit/537.36 (KHTML, like Gecko) Chrome/87.0.4280.66 Safari/537.36', NULL, NULL, NULL, NULL, '2021-01-27 22:53:39', '2021-01-27 22:53:39');
INSERT INTO `sys_log` VALUES (1317, 2, 'admin', '127.0.0.1', '查询系统用户列表', '/system/sysuser/page', 'GET', '{\"limit\":\"10\",\"page\":\"1\"}', 'Mozilla/5.0 (Windows NT 10.0; Win64; x64) AppleWebKit/537.36 (KHTML, like Gecko) Chrome/87.0.4280.66 Safari/537.36', 390, 'com.quan.system.web.controller.SysUserController', 'queryPage', NULL, '2021-01-27 22:53:45', '2021-01-27 22:53:45');
INSERT INTO `sys_log` VALUES (1318, 2, 'admin', '127.0.0.1', '查询系统用户列表', '/system/sysuser/page', 'GET', '{\"limit\":\"10\",\"page\":\"1\"}', 'Mozilla/5.0 (Windows NT 10.0; Win64; x64) AppleWebKit/537.36 (KHTML, like Gecko) Chrome/87.0.4280.66 Safari/537.36', 51, 'com.quan.system.web.controller.SysUserController', 'queryPage', NULL, '2021-01-27 22:53:57', '2021-01-27 22:53:57');
INSERT INTO `sys_log` VALUES (1319, 2, 'admin', '127.0.0.1', '查询系统用户列表', '/system/sysuser/page', 'GET', '{\"limit\":\"10\",\"page\":\"1\"}', 'Mozilla/5.0 (Windows NT 10.0; Win64; x64) AppleWebKit/537.36 (KHTML, like Gecko) Chrome/87.0.4280.66 Safari/537.36', 49, 'com.quan.system.web.controller.SysUserController', 'queryPage', NULL, '2021-01-27 22:54:53', '2021-01-27 22:54:53');
INSERT INTO `sys_log` VALUES (1320, 2, 'admin', '127.0.0.1', '查询系统用户列表', '/system/sysuser/page', 'GET', '{\"limit\":\"10\",\"page\":\"1\",\"status\":\"1\"}', 'Mozilla/5.0 (Windows NT 10.0; Win64; x64) AppleWebKit/537.36 (KHTML, like Gecko) Chrome/87.0.4280.66 Safari/537.36', 41, 'com.quan.system.web.controller.SysUserController', 'queryPage', NULL, '2021-01-27 22:55:15', '2021-01-27 22:55:15');
INSERT INTO `sys_log` VALUES (1321, 2, 'admin', '127.0.0.1', '查询系统用户列表', '/system/sysuser/page', 'GET', '{\"limit\":\"10\",\"page\":\"1\"}', 'Mozilla/5.0 (Windows NT 10.0; Win64; x64) AppleWebKit/537.36 (KHTML, like Gecko) Chrome/87.0.4280.66 Safari/537.36', 41, 'com.quan.system.web.controller.SysUserController', 'queryPage', NULL, '2021-01-27 22:55:56', '2021-01-27 22:55:56');
INSERT INTO `sys_log` VALUES (1322, 2, 'admin', '127.0.0.1', '查询系统用户列表', '/system/sysuser/page', 'GET', '{\"limit\":\"10\",\"page\":\"1\"}', 'Mozilla/5.0 (Windows NT 10.0; Win64; x64) AppleWebKit/537.36 (KHTML, like Gecko) Chrome/87.0.4280.66 Safari/537.36', 41, 'com.quan.system.web.controller.SysUserController', 'queryPage', NULL, '2021-01-27 23:12:18', '2021-01-27 23:12:18');
INSERT INTO `sys_log` VALUES (1323, 2, 'admin', '127.0.0.1', '查询系统用户列表', '/system/sysuser/page', 'GET', '{\"limit\":\"10\",\"page\":\"1\"}', 'Mozilla/5.0 (Windows NT 10.0; Win64; x64) AppleWebKit/537.36 (KHTML, like Gecko) Chrome/87.0.4280.66 Safari/537.36', 47, 'com.quan.system.web.controller.SysUserController', 'queryPage', NULL, '2021-01-27 23:13:12', '2021-01-27 23:13:12');
INSERT INTO `sys_log` VALUES (1324, 1, 'admin', '127.0.0.1', '用户登录', '/system/sysuser/login', 'POST', '{}', 'Mozilla/5.0 (Windows NT 10.0; Win64; x64) AppleWebKit/537.36 (KHTML, like Gecko) Chrome/87.0.4280.66 Safari/537.36', NULL, NULL, NULL, NULL, '2021-01-27 23:37:56', '2021-01-27 23:37:56');
INSERT INTO `sys_log` VALUES (1325, 2, 'admin', '127.0.0.1', '查询系统用户列表', '/system/sysuser/page', 'GET', '{\"limit\":\"10\",\"page\":\"1\"}', 'Mozilla/5.0 (Windows NT 10.0; Win64; x64) AppleWebKit/537.36 (KHTML, like Gecko) Chrome/87.0.4280.66 Safari/537.36', 162, 'com.quan.system.web.controller.SysUserController', 'queryPage', NULL, '2021-01-27 23:38:00', '2021-01-27 23:38:00');
INSERT INTO `sys_log` VALUES (1326, 2, 'admin', '127.0.0.1', '查询系统用户列表', '/system/sysuser/page', 'GET', '{\"limit\":\"10\",\"page\":\"1\"}', 'Mozilla/5.0 (Windows NT 10.0; Win64; x64) AppleWebKit/537.36 (KHTML, like Gecko) Chrome/87.0.4280.66 Safari/537.36', 69, 'com.quan.system.web.controller.SysUserController', 'queryPage', NULL, '2021-01-27 23:38:30', '2021-01-27 23:38:30');
INSERT INTO `sys_log` VALUES (1327, 2, 'admin', '127.0.0.1', '查询系统用户列表', '/system/sysuser/page', 'GET', '{\"limit\":\"10\",\"page\":\"1\"}', 'Mozilla/5.0 (Windows NT 10.0; Win64; x64) AppleWebKit/537.36 (KHTML, like Gecko) Chrome/87.0.4280.66 Safari/537.36', 288, 'com.quan.system.web.controller.SysUserController', 'queryPage', NULL, '2021-01-27 23:39:49', '2021-01-27 23:39:49');
INSERT INTO `sys_log` VALUES (1328, 2, 'admin', '127.0.0.1', '查询系统用户列表', '/system/sysuser/page', 'GET', '{\"limit\":\"10\",\"page\":\"1\"}', 'Mozilla/5.0 (Windows NT 10.0; Win64; x64) AppleWebKit/537.36 (KHTML, like Gecko) Chrome/87.0.4280.66 Safari/537.36', 41, 'com.quan.system.web.controller.SysUserController', 'queryPage', NULL, '2021-01-27 23:41:12', '2021-01-27 23:41:12');
INSERT INTO `sys_log` VALUES (1329, 2, 'admin', '127.0.0.1', '查询系统用户列表', '/system/sysuser/page', 'GET', '{\"limit\":\"10\",\"page\":\"1\"}', 'Mozilla/5.0 (Windows NT 10.0; Win64; x64) AppleWebKit/537.36 (KHTML, like Gecko) Chrome/87.0.4280.66 Safari/537.36', 352, 'com.quan.system.web.controller.SysUserController', 'queryPage', NULL, '2021-01-27 23:49:14', '2021-01-27 23:49:14');
INSERT INTO `sys_log` VALUES (1330, 2, 'admin', '127.0.0.1', '查询系统用户列表', '/system/sysuser/page', 'GET', '{\"limit\":\"10\",\"page\":\"1\"}', 'Mozilla/5.0 (Windows NT 10.0; Win64; x64) AppleWebKit/537.36 (KHTML, like Gecko) Chrome/87.0.4280.66 Safari/537.36', 271, 'com.quan.system.web.controller.SysUserController', 'queryPage', NULL, '2021-01-27 23:53:39', '2021-01-27 23:53:39');
INSERT INTO `sys_log` VALUES (1331, 2, 'admin', '127.0.0.1', '查询系统用户列表', '/system/sysuser/page', 'GET', '{\"limit\":\"10\",\"page\":\"1\"}', 'Mozilla/5.0 (Windows NT 10.0; Win64; x64) AppleWebKit/537.36 (KHTML, like Gecko) Chrome/87.0.4280.66 Safari/537.36', 78, 'com.quan.system.web.controller.SysUserController', 'queryPage', NULL, '2021-01-27 23:53:39', '2021-01-27 23:53:39');
INSERT INTO `sys_log` VALUES (1332, 2, 'admin', '127.0.0.1', '查询系统用户列表', '/system/sysuser/page', 'GET', '{\"limit\":\"10\",\"page\":\"1\"}', 'Mozilla/5.0 (Windows NT 10.0; Win64; x64) AppleWebKit/537.36 (KHTML, like Gecko) Chrome/87.0.4280.66 Safari/537.36', 92, 'com.quan.system.web.controller.SysUserController', 'queryPage', NULL, '2021-01-27 23:55:18', '2021-01-27 23:55:18');
INSERT INTO `sys_log` VALUES (1333, 2, 'admin', '127.0.0.1', '查询系统用户列表', '/system/sysuser/page', 'GET', '{\"limit\":\"10\",\"page\":\"1\"}', 'Mozilla/5.0 (Windows NT 10.0; Win64; x64) AppleWebKit/537.36 (KHTML, like Gecko) Chrome/87.0.4280.66 Safari/537.36', 76, 'com.quan.system.web.controller.SysUserController', 'queryPage', NULL, '2021-01-27 23:55:19', '2021-01-27 23:55:19');
INSERT INTO `sys_log` VALUES (1334, 2, 'admin', '127.0.0.1', '查询系统用户列表', '/system/sysuser/page', 'GET', '{\"limit\":\"10\",\"page\":\"1\"}', 'Mozilla/5.0 (Windows NT 10.0; Win64; x64) AppleWebKit/537.36 (KHTML, like Gecko) Chrome/87.0.4280.66 Safari/537.36', 55, 'com.quan.system.web.controller.SysUserController', 'queryPage', NULL, '2021-01-27 23:55:35', '2021-01-27 23:55:35');
INSERT INTO `sys_log` VALUES (1335, 2, 'admin', '127.0.0.1', '查询系统用户列表', '/system/sysuser/page', 'GET', '{\"limit\":\"10\",\"page\":\"1\"}', 'Mozilla/5.0 (Windows NT 10.0; Win64; x64) AppleWebKit/537.36 (KHTML, like Gecko) Chrome/87.0.4280.66 Safari/537.36', 48, 'com.quan.system.web.controller.SysUserController', 'queryPage', NULL, '2021-01-27 23:56:31', '2021-01-27 23:56:31');
INSERT INTO `sys_log` VALUES (1336, 2, 'admin', '127.0.0.1', '查询系统用户列表', '/system/sysuser/page', 'GET', '{\"limit\":\"10\",\"page\":\"1\"}', 'Mozilla/5.0 (Windows NT 10.0; Win64; x64) AppleWebKit/537.36 (KHTML, like Gecko) Chrome/87.0.4280.66 Safari/537.36', 35, 'com.quan.system.web.controller.SysUserController', 'queryPage', NULL, '2021-01-27 23:56:50', '2021-01-27 23:56:50');
INSERT INTO `sys_log` VALUES (1337, 2, 'admin', '127.0.0.1', '查询系统用户列表', '/system/sysuser/page', 'GET', '{\"limit\":\"10\",\"page\":\"1\"}', 'Mozilla/5.0 (Windows NT 10.0; Win64; x64) AppleWebKit/537.36 (KHTML, like Gecko) Chrome/87.0.4280.66 Safari/537.36', 40, 'com.quan.system.web.controller.SysUserController', 'queryPage', NULL, '2021-01-27 23:57:15', '2021-01-27 23:57:15');
INSERT INTO `sys_log` VALUES (1338, 2, 'admin', '127.0.0.1', '查询系统用户列表', '/system/sysuser/page', 'GET', '{\"limit\":\"10\",\"page\":\"1\"}', 'Mozilla/5.0 (Windows NT 10.0; Win64; x64) AppleWebKit/537.36 (KHTML, like Gecko) Chrome/87.0.4280.66 Safari/537.36', 41, 'com.quan.system.web.controller.SysUserController', 'queryPage', NULL, '2021-01-27 23:57:58', '2021-01-27 23:57:58');
INSERT INTO `sys_log` VALUES (1339, 2, 'admin', '127.0.0.1', '查询系统用户列表', '/system/sysuser/page', 'GET', '{\"limit\":\"10\",\"page\":\"1\"}', 'Mozilla/5.0 (Windows NT 10.0; Win64; x64) AppleWebKit/537.36 (KHTML, like Gecko) Chrome/87.0.4280.66 Safari/537.36', 48, 'com.quan.system.web.controller.SysUserController', 'queryPage', NULL, '2021-01-27 23:58:24', '2021-01-27 23:58:24');
INSERT INTO `sys_log` VALUES (1340, 2, 'admin', '127.0.0.1', '查询系统用户列表', '/system/sysuser/page', 'GET', '{\"limit\":\"10\",\"page\":\"1\"}', 'Mozilla/5.0 (Windows NT 10.0; Win64; x64) AppleWebKit/537.36 (KHTML, like Gecko) Chrome/87.0.4280.66 Safari/537.36', 46, 'com.quan.system.web.controller.SysUserController', 'queryPage', NULL, '2021-01-27 23:58:45', '2021-01-27 23:58:45');
INSERT INTO `sys_log` VALUES (1341, 2, 'admin', '127.0.0.1', '查询系统用户列表', '/system/sysuser/page', 'GET', '{\"limit\":\"10\",\"page\":\"1\"}', 'Mozilla/5.0 (Windows NT 10.0; Win64; x64) AppleWebKit/537.36 (KHTML, like Gecko) Chrome/87.0.4280.66 Safari/537.36', 35, 'com.quan.system.web.controller.SysUserController', 'queryPage', NULL, '2021-01-28 00:01:08', '2021-01-28 00:01:08');
INSERT INTO `sys_log` VALUES (1342, 2, 'admin', '127.0.0.1', '查询系统用户列表', '/system/sysuser/page', 'GET', '{\"limit\":\"10\",\"page\":\"1\"}', 'Mozilla/5.0 (Windows NT 10.0; Win64; x64) AppleWebKit/537.36 (KHTML, like Gecko) Chrome/87.0.4280.66 Safari/537.36', 36, 'com.quan.system.web.controller.SysUserController', 'queryPage', NULL, '2021-01-28 00:01:47', '2021-01-28 00:01:47');
INSERT INTO `sys_log` VALUES (1343, 2, 'admin', '127.0.0.1', '查询系统用户列表', '/system/sysuser/page', 'GET', '{\"limit\":\"10\",\"page\":\"1\"}', 'Mozilla/5.0 (Windows NT 10.0; Win64; x64) AppleWebKit/537.36 (KHTML, like Gecko) Chrome/87.0.4280.66 Safari/537.36', 47, 'com.quan.system.web.controller.SysUserController', 'queryPage', NULL, '2021-01-28 00:01:49', '2021-01-28 00:01:49');
INSERT INTO `sys_log` VALUES (1344, 2, 'admin', '127.0.0.1', '查询系统用户列表', '/system/sysuser/page', 'GET', '{\"limit\":\"10\",\"page\":\"1\"}', 'Mozilla/5.0 (Windows NT 10.0; Win64; x64) AppleWebKit/537.36 (KHTML, like Gecko) Chrome/87.0.4280.66 Safari/537.36', 255, 'com.quan.system.web.controller.SysUserController', 'queryPage', NULL, '2021-01-28 00:06:40', '2021-01-28 00:06:40');
INSERT INTO `sys_log` VALUES (1345, 2, 'admin', '127.0.0.1', '查询系统用户列表', '/system/sysuser/page', 'GET', '{\"limit\":\"10\",\"page\":\"1\"}', 'Mozilla/5.0 (Windows NT 10.0; Win64; x64) AppleWebKit/537.36 (KHTML, like Gecko) Chrome/87.0.4280.66 Safari/537.36', 344, 'com.quan.system.web.controller.SysUserController', 'queryPage', NULL, '2021-01-28 00:08:35', '2021-01-28 00:08:35');
INSERT INTO `sys_log` VALUES (1346, 2, 'admin', '127.0.0.1', '查询系统用户列表', '/system/sysuser/page', 'GET', '{\"limit\":\"10\",\"page\":\"1\"}', 'Mozilla/5.0 (Windows NT 10.0; Win64; x64) AppleWebKit/537.36 (KHTML, like Gecko) Chrome/87.0.4280.66 Safari/537.36', 75, 'com.quan.system.web.controller.SysUserController', 'queryPage', NULL, '2021-01-28 00:10:24', '2021-01-28 00:10:24');
INSERT INTO `sys_log` VALUES (1347, 2, 'admin', '127.0.0.1', '查询系统用户列表', '/system/sysuser/page', 'GET', '{\"limit\":\"10\",\"page\":\"1\"}', 'Mozilla/5.0 (Windows NT 10.0; Win64; x64) AppleWebKit/537.36 (KHTML, like Gecko) Chrome/87.0.4280.66 Safari/537.36', 49, 'com.quan.system.web.controller.SysUserController', 'queryPage', NULL, '2021-01-28 00:10:49', '2021-01-28 00:10:49');
INSERT INTO `sys_log` VALUES (1348, 2, 'admin', '127.0.0.1', '查询系统用户列表', '/system/sysuser/page', 'GET', '{\"limit\":\"10\",\"page\":\"1\"}', 'Mozilla/5.0 (Windows NT 10.0; Win64; x64) AppleWebKit/537.36 (KHTML, like Gecko) Chrome/87.0.4280.66 Safari/537.36', 57, 'com.quan.system.web.controller.SysUserController', 'queryPage', NULL, '2021-01-28 00:11:39', '2021-01-28 00:11:39');
INSERT INTO `sys_log` VALUES (1349, 2, 'admin', '127.0.0.1', '查询系统用户列表', '/system/sysuser/page', 'GET', '{\"limit\":\"10\",\"page\":\"1\"}', 'Mozilla/5.0 (Windows NT 10.0; Win64; x64) AppleWebKit/537.36 (KHTML, like Gecko) Chrome/87.0.4280.66 Safari/537.36', 57, 'com.quan.system.web.controller.SysUserController', 'queryPage', NULL, '2021-01-28 00:11:42', '2021-01-28 00:11:42');
INSERT INTO `sys_log` VALUES (1350, 2, 'admin', '127.0.0.1', '查询系统用户列表', '/system/sysuser/page', 'GET', '{\"limit\":\"10\",\"page\":\"1\"}', 'Mozilla/5.0 (Windows NT 10.0; Win64; x64) AppleWebKit/537.36 (KHTML, like Gecko) Chrome/87.0.4280.66 Safari/537.36', 267, 'com.quan.system.web.controller.SysUserController', 'queryPage', NULL, '2021-01-28 00:17:19', '2021-01-28 00:17:19');
INSERT INTO `sys_log` VALUES (1351, 2, 'admin', '127.0.0.1', '查询系统用户列表', '/system/sysuser/page', 'GET', '{\"limit\":\"10\",\"page\":\"1\"}', 'Mozilla/5.0 (Windows NT 10.0; Win64; x64) AppleWebKit/537.36 (KHTML, like Gecko) Chrome/87.0.4280.66 Safari/537.36', 79, 'com.quan.system.web.controller.SysUserController', 'queryPage', NULL, '2021-01-28 00:17:37', '2021-01-28 00:17:37');
INSERT INTO `sys_log` VALUES (1352, 2, 'admin', '127.0.0.1', '查询系统用户列表', '/system/sysuser/page', 'GET', '{\"limit\":\"10\",\"page\":\"1\"}', 'Mozilla/5.0 (Windows NT 10.0; Win64; x64) AppleWebKit/537.36 (KHTML, like Gecko) Chrome/87.0.4280.66 Safari/537.36', 87, 'com.quan.system.web.controller.SysUserController', 'queryPage', NULL, '2021-01-28 00:19:30', '2021-01-28 00:19:30');
INSERT INTO `sys_log` VALUES (1353, 2, 'admin', '127.0.0.1', '查询系统用户列表', '/system/sysuser/page', 'GET', '{\"limit\":\"10\",\"page\":\"1\"}', 'Mozilla/5.0 (Windows NT 10.0; Win64; x64) AppleWebKit/537.36 (KHTML, like Gecko) Chrome/87.0.4280.66 Safari/537.36', 63, 'com.quan.system.web.controller.SysUserController', 'queryPage', NULL, '2021-01-28 00:19:49', '2021-01-28 00:19:49');
INSERT INTO `sys_log` VALUES (1354, 2, 'admin', '127.0.0.1', '查询系统用户列表', '/system/sysuser/page', 'GET', '{\"limit\":\"10\",\"page\":\"1\"}', 'Mozilla/5.0 (Windows NT 10.0; Win64; x64) AppleWebKit/537.36 (KHTML, like Gecko) Chrome/87.0.4280.66 Safari/537.36', 62, 'com.quan.system.web.controller.SysUserController', 'queryPage', NULL, '2021-01-28 00:20:07', '2021-01-28 00:20:07');
INSERT INTO `sys_log` VALUES (1355, 2, 'admin', '127.0.0.1', '查询系统用户列表', '/system/sysuser/page', 'GET', '{\"limit\":\"10\",\"page\":\"1\"}', 'Mozilla/5.0 (Windows NT 10.0; Win64; x64) AppleWebKit/537.36 (KHTML, like Gecko) Chrome/87.0.4280.66 Safari/537.36', 51, 'com.quan.system.web.controller.SysUserController', 'queryPage', NULL, '2021-01-28 00:20:18', '2021-01-28 00:20:18');
INSERT INTO `sys_log` VALUES (1356, 2, 'admin', '127.0.0.1', '查询系统用户列表', '/system/sysuser/page', 'GET', '{\"limit\":\"10\",\"page\":\"1\"}', 'Mozilla/5.0 (Windows NT 10.0; Win64; x64) AppleWebKit/537.36 (KHTML, like Gecko) Chrome/87.0.4280.66 Safari/537.36', 47, 'com.quan.system.web.controller.SysUserController', 'queryPage', NULL, '2021-01-28 00:20:33', '2021-01-28 00:20:33');
INSERT INTO `sys_log` VALUES (1357, 2, 'admin', '127.0.0.1', '查询系统用户列表', '/system/sysuser/page', 'GET', '{\"limit\":\"10\",\"page\":\"1\"}', 'Mozilla/5.0 (Windows NT 10.0; Win64; x64) AppleWebKit/537.36 (KHTML, like Gecko) Chrome/87.0.4280.66 Safari/537.36', 49, 'com.quan.system.web.controller.SysUserController', 'queryPage', NULL, '2021-01-28 00:20:34', '2021-01-28 00:20:34');
INSERT INTO `sys_log` VALUES (1358, 2, 'admin', '127.0.0.1', '查询系统用户列表', '/system/sysuser/page', 'GET', '{\"limit\":\"10\",\"page\":\"1\"}', 'Mozilla/5.0 (Windows NT 10.0; Win64; x64) AppleWebKit/537.36 (KHTML, like Gecko) Chrome/87.0.4280.66 Safari/537.36', 38, 'com.quan.system.web.controller.SysUserController', 'queryPage', NULL, '2021-01-28 00:20:44', '2021-01-28 00:20:44');
INSERT INTO `sys_log` VALUES (1359, 2, 'admin', '127.0.0.1', '查询系统用户列表', '/system/sysuser/page', 'GET', '{\"limit\":\"10\",\"page\":\"1\"}', 'Mozilla/5.0 (Windows NT 10.0; Win64; x64) AppleWebKit/537.36 (KHTML, like Gecko) Chrome/87.0.4280.66 Safari/537.36', 27, 'com.quan.system.web.controller.SysUserController', 'queryPage', NULL, '2021-01-28 00:21:39', '2021-01-28 00:21:39');
INSERT INTO `sys_log` VALUES (1360, 2, 'admin', '127.0.0.1', '查询系统用户列表', '/system/sysuser/page', 'GET', '{\"limit\":\"10\",\"page\":\"1\"}', 'Mozilla/5.0 (Windows NT 10.0; Win64; x64) AppleWebKit/537.36 (KHTML, like Gecko) Chrome/87.0.4280.66 Safari/537.36', 238, 'com.quan.system.web.controller.SysUserController', 'queryPage', NULL, '2021-01-28 00:23:50', '2021-01-28 00:23:50');
INSERT INTO `sys_log` VALUES (1361, 2, 'admin', '127.0.0.1', '查询系统用户列表', '/system/sysuser/page', 'GET', '{\"limit\":\"10\",\"page\":\"1\"}', 'Mozilla/5.0 (Windows NT 10.0; Win64; x64) AppleWebKit/537.36 (KHTML, like Gecko) Chrome/87.0.4280.66 Safari/537.36', 81, 'com.quan.system.web.controller.SysUserController', 'queryPage', NULL, '2021-01-28 00:23:52', '2021-01-28 00:23:52');
INSERT INTO `sys_log` VALUES (1362, 1, 'admin', '127.0.0.1', '用户登录', '/system/sysuser/login', 'POST', '{}', 'Mozilla/5.0 (Windows NT 10.0; Win64; x64) AppleWebKit/537.36 (KHTML, like Gecko) Chrome/87.0.4280.66 Safari/537.36', NULL, NULL, NULL, NULL, '2021-01-28 09:37:30', '2021-01-28 09:37:30');
INSERT INTO `sys_log` VALUES (1363, 2, 'admin', '127.0.0.1', '查询系统用户列表', '/system/sysuser/page', 'GET', '{\"limit\":\"10\",\"page\":\"1\"}', 'Mozilla/5.0 (Windows NT 10.0; Win64; x64) AppleWebKit/537.36 (KHTML, like Gecko) Chrome/87.0.4280.66 Safari/537.36', 208, 'com.quan.system.web.controller.SysUserController', 'queryPage', NULL, '2021-01-28 09:37:44', '2021-01-28 09:37:44');
INSERT INTO `sys_log` VALUES (1364, 2, 'admin', '127.0.0.1', '查询系统用户列表', '/system/sysuser/page', 'GET', '{\"limit\":\"10\",\"page\":\"1\"}', 'Mozilla/5.0 (Windows NT 10.0; Win64; x64) AppleWebKit/537.36 (KHTML, like Gecko) Chrome/87.0.4280.66 Safari/537.36', 325, 'com.quan.system.web.controller.SysUserController', 'queryPage', NULL, '2021-01-28 09:38:12', '2021-01-28 09:38:12');
INSERT INTO `sys_log` VALUES (1365, 2, 'admin', '127.0.0.1', '查询系统用户列表', '/system/sysuser/page', 'GET', '{\"limit\":\"10\",\"page\":\"1\"}', 'Mozilla/5.0 (Windows NT 10.0; Win64; x64) AppleWebKit/537.36 (KHTML, like Gecko) Chrome/87.0.4280.66 Safari/537.36', 68, 'com.quan.system.web.controller.SysUserController', 'queryPage', NULL, '2021-01-28 09:38:15', '2021-01-28 09:38:15');
INSERT INTO `sys_log` VALUES (1366, 2, 'admin', '127.0.0.1', '查询系统用户列表', '/system/sysuser/page', 'GET', '{\"limit\":\"10\",\"page\":\"1\"}', 'Mozilla/5.0 (Windows NT 10.0; Win64; x64) AppleWebKit/537.36 (KHTML, like Gecko) Chrome/87.0.4280.66 Safari/537.36', 66, 'com.quan.system.web.controller.SysUserController', 'queryPage', NULL, '2021-01-28 09:38:49', '2021-01-28 09:38:49');
INSERT INTO `sys_log` VALUES (1367, 2, 'admin', '127.0.0.1', '查询系统用户列表', '/system/sysuser/page', 'GET', '{\"limit\":\"10\",\"page\":\"1\"}', 'Mozilla/5.0 (Windows NT 10.0; Win64; x64) AppleWebKit/537.36 (KHTML, like Gecko) Chrome/87.0.4280.66 Safari/537.36', 45, 'com.quan.system.web.controller.SysUserController', 'queryPage', NULL, '2021-01-28 09:39:46', '2021-01-28 09:39:46');
INSERT INTO `sys_log` VALUES (1368, 2, 'admin', '127.0.0.1', '查询系统用户列表', '/system/sysuser/page', 'GET', '{\"limit\":\"10\",\"page\":\"1\"}', 'Mozilla/5.0 (Windows NT 10.0; Win64; x64) AppleWebKit/537.36 (KHTML, like Gecko) Chrome/87.0.4280.66 Safari/537.36', 357, 'com.quan.system.web.controller.SysUserController', 'queryPage', NULL, '2021-01-28 09:46:34', '2021-01-28 09:46:34');
INSERT INTO `sys_log` VALUES (1369, 2, 'admin', '127.0.0.1', '查询系统用户列表', '/system/sysuser/page', 'GET', '{\"limit\":\"10\",\"page\":\"1\"}', 'Mozilla/5.0 (Windows NT 10.0; Win64; x64) AppleWebKit/537.36 (KHTML, like Gecko) Chrome/87.0.4280.66 Safari/537.36', 113, 'com.quan.system.web.controller.SysUserController', 'queryPage', NULL, '2021-01-28 10:16:56', '2021-01-28 10:16:56');
INSERT INTO `sys_log` VALUES (1370, 2, 'admin', '127.0.0.1', '查询系统用户列表', '/system/sysuser/page', 'GET', '{\"limit\":\"10\",\"page\":\"1\"}', 'Mozilla/5.0 (Windows NT 10.0; Win64; x64) AppleWebKit/537.36 (KHTML, like Gecko) Chrome/87.0.4280.66 Safari/537.36', 67, 'com.quan.system.web.controller.SysUserController', 'queryPage', NULL, '2021-01-28 10:33:42', '2021-01-28 10:33:42');
INSERT INTO `sys_log` VALUES (1371, 2, 'admin', '127.0.0.1', '查询系统用户列表', '/system/sysuser/page', 'GET', '{\"limit\":\"10\",\"page\":\"1\"}', 'Mozilla/5.0 (Windows NT 10.0; Win64; x64) AppleWebKit/537.36 (KHTML, like Gecko) Chrome/87.0.4280.66 Safari/537.36', 32, 'com.quan.system.web.controller.SysUserController', 'queryPage', NULL, '2021-01-28 10:33:53', '2021-01-28 10:33:53');
INSERT INTO `sys_log` VALUES (1372, 2, 'admin', '127.0.0.1', '查询系统用户列表', '/system/sysuser/page', 'GET', '{\"limit\":\"10\",\"page\":\"1\"}', 'Mozilla/5.0 (Windows NT 10.0; Win64; x64) AppleWebKit/537.36 (KHTML, like Gecko) Chrome/87.0.4280.66 Safari/537.36', 378, 'com.quan.system.web.controller.SysUserController', 'queryPage', NULL, '2021-01-28 10:37:22', '2021-01-28 10:37:22');
INSERT INTO `sys_log` VALUES (1373, 2, 'admin', '127.0.0.1', '查询系统用户列表', '/system/sysuser/page', 'GET', '{\"limit\":\"10\",\"page\":\"1\"}', 'Mozilla/5.0 (Windows NT 10.0; Win64; x64) AppleWebKit/537.36 (KHTML, like Gecko) Chrome/87.0.4280.66 Safari/537.36', 45, 'com.quan.system.web.controller.SysUserController', 'queryPage', NULL, '2021-01-28 10:38:27', '2021-01-28 10:38:27');
INSERT INTO `sys_log` VALUES (1374, 2, 'admin', '127.0.0.1', '查询系统用户列表', '/system/sysuser/page', 'GET', '{\"limit\":\"10\",\"page\":\"1\"}', 'Mozilla/5.0 (Windows NT 10.0; Win64; x64) AppleWebKit/537.36 (KHTML, like Gecko) Chrome/87.0.4280.66 Safari/537.36', 51, 'com.quan.system.web.controller.SysUserController', 'queryPage', NULL, '2021-01-28 10:38:36', '2021-01-28 10:38:36');
INSERT INTO `sys_log` VALUES (1375, 1, 'admin', '127.0.0.1', '用户登录', '/system/sysuser/login', 'POST', '{}', 'Mozilla/5.0 (Windows NT 10.0; Win64; x64) AppleWebKit/537.36 (KHTML, like Gecko) Chrome/87.0.4280.66 Safari/537.36', NULL, NULL, NULL, NULL, '2021-01-28 11:43:33', '2021-01-28 11:43:33');
INSERT INTO `sys_log` VALUES (1376, 2, 'admin', '127.0.0.1', '查询系统用户列表', '/system/sysuser/page', 'GET', '{\"limit\":\"10\",\"page\":\"1\"}', 'Mozilla/5.0 (Windows NT 10.0; Win64; x64) AppleWebKit/537.36 (KHTML, like Gecko) Chrome/87.0.4280.66 Safari/537.36', 44, 'com.quan.system.web.controller.SysUserController', 'queryPage', NULL, '2021-01-28 11:43:37', '2021-01-28 11:43:37');
INSERT INTO `sys_log` VALUES (1377, 2, 'admin', '127.0.0.1', '查询系统用户列表', '/system/sysuser/page', 'GET', '{\"limit\":\"10\",\"page\":\"1\"}', 'Mozilla/5.0 (Windows NT 10.0; Win64; x64) AppleWebKit/537.36 (KHTML, like Gecko) Chrome/87.0.4280.66 Safari/537.36', 44, 'com.quan.system.web.controller.SysUserController', 'queryPage', NULL, '2021-01-28 11:43:46', '2021-01-28 11:43:46');
INSERT INTO `sys_log` VALUES (1378, 1, 'admin', '127.0.0.1', '用户登录', '/system/sysuser/login', 'POST', '{}', 'Mozilla/5.0 (Windows NT 10.0; Win64; x64) AppleWebKit/537.36 (KHTML, like Gecko) Chrome/87.0.4280.66 Safari/537.36', NULL, NULL, NULL, NULL, '2021-01-28 13:25:12', '2021-01-28 13:25:12');
INSERT INTO `sys_log` VALUES (1379, 2, 'admin', '127.0.0.1', '查询系统用户列表', '/system/sysuser/page', 'GET', '{\"limit\":\"10\",\"page\":\"1\"}', 'Mozilla/5.0 (Windows NT 10.0; Win64; x64) AppleWebKit/537.36 (KHTML, like Gecko) Chrome/87.0.4280.66 Safari/537.36', 47, 'com.quan.system.web.controller.SysUserController', 'queryPage', NULL, '2021-01-28 13:25:18', '2021-01-28 13:25:18');
INSERT INTO `sys_log` VALUES (1380, 2, 'admin', '127.0.0.1', '查询系统用户列表', '/system/sysuser/page', 'GET', '{\"limit\":\"10\",\"page\":\"1\"}', 'Mozilla/5.0 (Windows NT 10.0; Win64; x64) AppleWebKit/537.36 (KHTML, like Gecko) Chrome/87.0.4280.66 Safari/537.36', 32, 'com.quan.system.web.controller.SysUserController', 'queryPage', NULL, '2021-01-28 13:25:44', '2021-01-28 13:25:44');
INSERT INTO `sys_log` VALUES (1381, 2, 'admin', '127.0.0.1', '查询系统用户列表', '/system/sysuser/page', 'GET', '{\"limit\":\"10\",\"page\":\"1\"}', 'Mozilla/5.0 (Windows NT 10.0; Win64; x64) AppleWebKit/537.36 (KHTML, like Gecko) Chrome/87.0.4280.66 Safari/537.36', 23, 'com.quan.system.web.controller.SysUserController', 'queryPage', NULL, '2021-01-28 13:43:50', '2021-01-28 13:43:50');
INSERT INTO `sys_log` VALUES (1382, 1, 'admin', '127.0.0.1', '用户登录', '/system/sysuser/login', 'POST', '{}', 'Mozilla/5.0 (Windows NT 10.0; Win64; x64) AppleWebKit/537.36 (KHTML, like Gecko) Chrome/87.0.4280.66 Safari/537.36', NULL, NULL, NULL, NULL, '2021-01-28 15:16:23', '2021-01-28 15:16:23');
INSERT INTO `sys_log` VALUES (1383, 2, 'admin', '127.0.0.1', '查询系统用户列表', '/system/sysuser/page', 'GET', '{\"limit\":\"10\",\"page\":\"1\"}', 'Mozilla/5.0 (Windows NT 10.0; Win64; x64) AppleWebKit/537.36 (KHTML, like Gecko) Chrome/87.0.4280.66 Safari/537.36', 44, 'com.quan.system.web.controller.SysUserController', 'queryPage', NULL, '2021-01-28 15:16:27', '2021-01-28 15:16:27');
INSERT INTO `sys_log` VALUES (1384, 2, 'admin', '127.0.0.1', '查询系统用户列表', '/system/sysuser/page', 'GET', '{\"limit\":\"10\",\"page\":\"1\"}', 'Mozilla/5.0 (Windows NT 10.0; Win64; x64) AppleWebKit/537.36 (KHTML, like Gecko) Chrome/87.0.4280.66 Safari/537.36', 36, 'com.quan.system.web.controller.SysUserController', 'queryPage', NULL, '2021-01-28 15:20:45', '2021-01-28 15:20:45');
INSERT INTO `sys_log` VALUES (1385, 2, 'admin', '127.0.0.1', '查询系统用户列表', '/system/sysuser/page', 'GET', '{\"limit\":\"10\",\"page\":\"4\"}', 'Mozilla/5.0 (Windows NT 10.0; Win64; x64) AppleWebKit/537.36 (KHTML, like Gecko) Chrome/87.0.4280.66 Safari/537.36', 28, 'com.quan.system.web.controller.SysUserController', 'queryPage', NULL, '2021-01-28 15:20:48', '2021-01-28 15:20:48');
INSERT INTO `sys_log` VALUES (1386, 2, 'admin', '127.0.0.1', '查询系统用户列表', '/system/sysuser/page', 'GET', '{\"limit\":\"10\",\"page\":\"5\"}', 'Mozilla/5.0 (Windows NT 10.0; Win64; x64) AppleWebKit/537.36 (KHTML, like Gecko) Chrome/87.0.4280.66 Safari/537.36', 36, 'com.quan.system.web.controller.SysUserController', 'queryPage', NULL, '2021-01-28 15:20:50', '2021-01-28 15:20:50');
INSERT INTO `sys_log` VALUES (1387, 2, 'admin', '127.0.0.1', '查询系统用户列表', '/system/sysuser/page', 'GET', '{\"limit\":\"10\",\"page\":\"4\"}', 'Mozilla/5.0 (Windows NT 10.0; Win64; x64) AppleWebKit/537.36 (KHTML, like Gecko) Chrome/87.0.4280.66 Safari/537.36', 39, 'com.quan.system.web.controller.SysUserController', 'queryPage', NULL, '2021-01-28 15:20:51', '2021-01-28 15:20:51');
INSERT INTO `sys_log` VALUES (1388, 2, 'admin', '127.0.0.1', '查询系统用户列表', '/system/sysuser/page', 'GET', '{\"limit\":\"10\",\"page\":\"3\"}', 'Mozilla/5.0 (Windows NT 10.0; Win64; x64) AppleWebKit/537.36 (KHTML, like Gecko) Chrome/87.0.4280.66 Safari/537.36', 37, 'com.quan.system.web.controller.SysUserController', 'queryPage', NULL, '2021-01-28 15:20:52', '2021-01-28 15:20:52');
INSERT INTO `sys_log` VALUES (1389, 2, 'admin', '127.0.0.1', '查询系统用户列表', '/system/sysuser/page', 'GET', '{\"limit\":\"10\",\"page\":\"2\"}', 'Mozilla/5.0 (Windows NT 10.0; Win64; x64) AppleWebKit/537.36 (KHTML, like Gecko) Chrome/87.0.4280.66 Safari/537.36', 34, 'com.quan.system.web.controller.SysUserController', 'queryPage', NULL, '2021-01-28 15:20:53', '2021-01-28 15:20:53');
INSERT INTO `sys_log` VALUES (1390, 2, 'admin', '127.0.0.1', '查询系统用户列表', '/system/sysuser/page', 'GET', '{\"limit\":\"10\",\"page\":\"1\"}', 'Mozilla/5.0 (Windows NT 10.0; Win64; x64) AppleWebKit/537.36 (KHTML, like Gecko) Chrome/87.0.4280.66 Safari/537.36', 43, 'com.quan.system.web.controller.SysUserController', 'queryPage', NULL, '2021-01-28 15:21:03', '2021-01-28 15:21:03');
INSERT INTO `sys_log` VALUES (1391, 2, 'admin', '127.0.0.1', '查询系统用户列表', '/system/sysuser/page', 'GET', '{\"limit\":\"10\",\"page\":\"1\"}', 'Mozilla/5.0 (Windows NT 10.0; Win64; x64) AppleWebKit/537.36 (KHTML, like Gecko) Chrome/87.0.4280.66 Safari/537.36', 30, 'com.quan.system.web.controller.SysUserController', 'queryPage', NULL, '2021-01-28 15:23:30', '2021-01-28 15:23:30');
INSERT INTO `sys_log` VALUES (1392, 2, 'admin', '127.0.0.1', '查询系统用户列表', '/system/sysuser/page', 'GET', '{\"limit\":\"10\",\"page\":\"21\"}', 'Mozilla/5.0 (Windows NT 10.0; Win64; x64) AppleWebKit/537.36 (KHTML, like Gecko) Chrome/87.0.4280.66 Safari/537.36', 16, 'com.quan.system.web.controller.SysUserController', 'queryPage', NULL, '2021-01-28 15:23:37', '2021-01-28 15:23:37');
INSERT INTO `sys_log` VALUES (1393, 2, 'admin', '127.0.0.1', '查询系统用户列表', '/system/sysuser/page', 'GET', '{\"limit\":\"10\",\"page\":\"16\"}', 'Mozilla/5.0 (Windows NT 10.0; Win64; x64) AppleWebKit/537.36 (KHTML, like Gecko) Chrome/87.0.4280.66 Safari/537.36', 25, 'com.quan.system.web.controller.SysUserController', 'queryPage', NULL, '2021-01-28 15:23:58', '2021-01-28 15:23:58');
INSERT INTO `sys_log` VALUES (1394, 2, 'admin', '127.0.0.1', '查询系统用户列表', '/system/sysuser/page', 'GET', '{\"limit\":\"10\",\"page\":\"14\"}', 'Mozilla/5.0 (Windows NT 10.0; Win64; x64) AppleWebKit/537.36 (KHTML, like Gecko) Chrome/87.0.4280.66 Safari/537.36', 27, 'com.quan.system.web.controller.SysUserController', 'queryPage', NULL, '2021-01-28 15:24:22', '2021-01-28 15:24:22');
INSERT INTO `sys_log` VALUES (1395, 2, 'admin', '127.0.0.1', '查询系统用户列表', '/system/sysuser/page', 'GET', '{\"limit\":\"10\",\"page\":\"12\"}', 'Mozilla/5.0 (Windows NT 10.0; Win64; x64) AppleWebKit/537.36 (KHTML, like Gecko) Chrome/87.0.4280.66 Safari/537.36', 33, 'com.quan.system.web.controller.SysUserController', 'queryPage', NULL, '2021-01-28 15:24:23', '2021-01-28 15:24:23');
INSERT INTO `sys_log` VALUES (1396, 2, 'admin', '127.0.0.1', '查询系统用户列表', '/system/sysuser/page', 'GET', '{\"limit\":\"10\",\"page\":\"10\"}', 'Mozilla/5.0 (Windows NT 10.0; Win64; x64) AppleWebKit/537.36 (KHTML, like Gecko) Chrome/87.0.4280.66 Safari/537.36', 25, 'com.quan.system.web.controller.SysUserController', 'queryPage', NULL, '2021-01-28 15:24:24', '2021-01-28 15:24:24');
INSERT INTO `sys_log` VALUES (1397, 2, 'admin', '127.0.0.1', '查询系统用户列表', '/system/sysuser/page', 'GET', '{\"limit\":\"10\",\"page\":\"8\"}', 'Mozilla/5.0 (Windows NT 10.0; Win64; x64) AppleWebKit/537.36 (KHTML, like Gecko) Chrome/87.0.4280.66 Safari/537.36', 29, 'com.quan.system.web.controller.SysUserController', 'queryPage', NULL, '2021-01-28 15:24:25', '2021-01-28 15:24:25');
INSERT INTO `sys_log` VALUES (1398, 2, 'admin', '127.0.0.1', '查询系统用户列表', '/system/sysuser/page', 'GET', '{\"limit\":\"10\",\"page\":\"6\"}', 'Mozilla/5.0 (Windows NT 10.0; Win64; x64) AppleWebKit/537.36 (KHTML, like Gecko) Chrome/87.0.4280.66 Safari/537.36', 29, 'com.quan.system.web.controller.SysUserController', 'queryPage', NULL, '2021-01-28 15:24:25', '2021-01-28 15:24:25');
INSERT INTO `sys_log` VALUES (1399, 2, 'admin', '127.0.0.1', '查询系统用户列表', '/system/sysuser/page', 'GET', '{\"limit\":\"10\",\"page\":\"4\"}', 'Mozilla/5.0 (Windows NT 10.0; Win64; x64) AppleWebKit/537.36 (KHTML, like Gecko) Chrome/87.0.4280.66 Safari/537.36', 18, 'com.quan.system.web.controller.SysUserController', 'queryPage', NULL, '2021-01-28 15:24:26', '2021-01-28 15:24:26');
INSERT INTO `sys_log` VALUES (1400, 2, 'admin', '127.0.0.1', '查询系统用户列表', '/system/sysuser/page', 'GET', '{\"limit\":\"10\",\"page\":\"3\"}', 'Mozilla/5.0 (Windows NT 10.0; Win64; x64) AppleWebKit/537.36 (KHTML, like Gecko) Chrome/87.0.4280.66 Safari/537.36', 20, 'com.quan.system.web.controller.SysUserController', 'queryPage', NULL, '2021-01-28 15:24:27', '2021-01-28 15:24:27');
INSERT INTO `sys_log` VALUES (1401, 2, 'admin', '127.0.0.1', '查询系统用户列表', '/system/sysuser/page', 'GET', '{\"limit\":\"10\",\"page\":\"2\"}', 'Mozilla/5.0 (Windows NT 10.0; Win64; x64) AppleWebKit/537.36 (KHTML, like Gecko) Chrome/87.0.4280.66 Safari/537.36', 406, 'com.quan.system.web.controller.SysUserController', 'queryPage', NULL, '2021-01-28 15:24:28', '2021-01-28 15:24:28');
INSERT INTO `sys_log` VALUES (1402, 2, 'admin', '127.0.0.1', '查询系统用户列表', '/system/sysuser/page', 'GET', '{\"limit\":\"10\",\"page\":\"1\"}', 'Mozilla/5.0 (Windows NT 10.0; Win64; x64) AppleWebKit/537.36 (KHTML, like Gecko) Chrome/87.0.4280.66 Safari/537.36', 51, 'com.quan.system.web.controller.SysUserController', 'queryPage', NULL, '2021-01-28 15:24:30', '2021-01-28 15:24:30');
INSERT INTO `sys_log` VALUES (1403, 2, 'admin', '127.0.0.1', '查询系统用户列表', '/system/sysuser/page', 'GET', '{\"limit\":\"10\",\"page\":\"1\"}', 'Mozilla/5.0 (Windows NT 10.0; Win64; x64) AppleWebKit/537.36 (KHTML, like Gecko) Chrome/87.0.4280.66 Safari/537.36', 36, 'com.quan.system.web.controller.SysUserController', 'queryPage', NULL, '2021-01-28 15:24:36', '2021-01-28 15:24:36');
INSERT INTO `sys_log` VALUES (1404, 2, 'admin', '127.0.0.1', '查询系统用户列表', '/system/sysuser/page', 'GET', '{\"limit\":\"10\",\"page\":\"1\"}', 'Mozilla/5.0 (Windows NT 10.0; Win64; x64) AppleWebKit/537.36 (KHTML, like Gecko) Chrome/87.0.4280.66 Safari/537.36', 46, 'com.quan.system.web.controller.SysUserController', 'queryPage', NULL, '2021-01-28 15:24:46', '2021-01-28 15:24:46');
INSERT INTO `sys_log` VALUES (1405, 2, 'admin', '127.0.0.1', '查询系统用户列表', '/system/sysuser/page', 'GET', '{\"limit\":\"10\",\"page\":\"21\"}', 'Mozilla/5.0 (Windows NT 10.0; Win64; x64) AppleWebKit/537.36 (KHTML, like Gecko) Chrome/87.0.4280.66 Safari/537.36', 22, 'com.quan.system.web.controller.SysUserController', 'queryPage', NULL, '2021-01-28 15:24:49', '2021-01-28 15:24:49');
INSERT INTO `sys_log` VALUES (1406, 2, 'admin', '127.0.0.1', '查询系统用户列表', '/system/sysuser/page', 'GET', '{\"limit\":\"200\",\"page\":\"21\"}', 'Mozilla/5.0 (Windows NT 10.0; Win64; x64) AppleWebKit/537.36 (KHTML, like Gecko) Chrome/87.0.4280.66 Safari/537.36', 5, 'com.quan.system.web.controller.SysUserController', 'queryPage', NULL, '2021-01-28 15:24:54', '2021-01-28 15:24:54');
INSERT INTO `sys_log` VALUES (1407, 2, 'admin', '127.0.0.1', '查询系统用户列表', '/system/sysuser/page', 'GET', '{\"limit\":\"200\",\"page\":\"2\"}', 'Mozilla/5.0 (Windows NT 10.0; Win64; x64) AppleWebKit/537.36 (KHTML, like Gecko) Chrome/87.0.4280.66 Safari/537.36', 22, 'com.quan.system.web.controller.SysUserController', 'queryPage', NULL, '2021-01-28 15:24:54', '2021-01-28 15:24:54');
INSERT INTO `sys_log` VALUES (1408, 2, 'admin', '127.0.0.1', '查询系统用户列表', '/system/sysuser/page', 'GET', '{\"limit\":\"10\",\"page\":\"1\"}', 'Mozilla/5.0 (Windows NT 10.0; Win64; x64) AppleWebKit/537.36 (KHTML, like Gecko) Chrome/87.0.4280.66 Safari/537.36', 58, 'com.quan.system.web.controller.SysUserController', 'queryPage', NULL, '2021-01-28 15:25:06', '2021-01-28 15:25:06');
INSERT INTO `sys_log` VALUES (1409, 2, 'admin', '127.0.0.1', '查询系统用户列表', '/system/sysuser/page', 'GET', '{\"limit\":\"200\",\"page\":\"1\"}', 'Mozilla/5.0 (Windows NT 10.0; Win64; x64) AppleWebKit/537.36 (KHTML, like Gecko) Chrome/87.0.4280.66 Safari/537.36', 580, 'com.quan.system.web.controller.SysUserController', 'queryPage', NULL, '2021-01-28 15:25:09', '2021-01-28 15:25:09');
INSERT INTO `sys_log` VALUES (1410, 2, 'admin', '127.0.0.1', '查询系统用户列表', '/system/sysuser/page', 'GET', '{\"limit\":\"200\",\"page\":\"1\"}', 'Mozilla/5.0 (Windows NT 10.0; Win64; x64) AppleWebKit/537.36 (KHTML, like Gecko) Chrome/87.0.4280.66 Safari/537.36', 264, 'com.quan.system.web.controller.SysUserController', 'queryPage', NULL, '2021-01-28 15:25:36', '2021-01-28 15:25:36');
INSERT INTO `sys_log` VALUES (1411, 2, 'admin', '127.0.0.1', '查询系统用户列表', '/system/sysuser/page', 'GET', '{\"limit\":\"200\",\"page\":\"1\"}', 'Mozilla/5.0 (Windows NT 10.0; Win64; x64) AppleWebKit/537.36 (KHTML, like Gecko) Chrome/87.0.4280.66 Safari/537.36', 202, 'com.quan.system.web.controller.SysUserController', 'queryPage', NULL, '2021-01-28 15:25:49', '2021-01-28 15:25:49');
INSERT INTO `sys_log` VALUES (1412, 2, 'admin', '127.0.0.1', '查询系统用户列表', '/system/sysuser/page', 'GET', '{\"limit\":\"200\",\"page\":\"1\"}', 'Mozilla/5.0 (Windows NT 10.0; Win64; x64) AppleWebKit/537.36 (KHTML, like Gecko) Chrome/87.0.4280.66 Safari/537.36', 175, 'com.quan.system.web.controller.SysUserController', 'queryPage', NULL, '2021-01-28 15:26:07', '2021-01-28 15:26:07');
INSERT INTO `sys_log` VALUES (1413, 2, 'admin', '127.0.0.1', '查询系统用户列表', '/system/sysuser/page', 'GET', '{\"limit\":\"200\",\"page\":\"1\"}', 'Mozilla/5.0 (Windows NT 10.0; Win64; x64) AppleWebKit/537.36 (KHTML, like Gecko) Chrome/87.0.4280.66 Safari/537.36', 219, 'com.quan.system.web.controller.SysUserController', 'queryPage', NULL, '2021-01-28 15:26:16', '2021-01-28 15:26:16');
INSERT INTO `sys_log` VALUES (1414, 2, 'admin', '127.0.0.1', '查询系统用户列表', '/system/sysuser/page', 'GET', '{\"limit\":\"200\",\"page\":\"1\"}', 'Mozilla/5.0 (Windows NT 10.0; Win64; x64) AppleWebKit/537.36 (KHTML, like Gecko) Chrome/87.0.4280.66 Safari/537.36', 130, 'com.quan.system.web.controller.SysUserController', 'queryPage', NULL, '2021-01-28 15:26:27', '2021-01-28 15:26:27');
INSERT INTO `sys_log` VALUES (1415, 2, 'admin', '127.0.0.1', '查询系统用户列表', '/system/sysuser/page', 'GET', '{\"limit\":\"200\",\"page\":\"1\"}', 'Mozilla/5.0 (Windows NT 10.0; Win64; x64) AppleWebKit/537.36 (KHTML, like Gecko) Chrome/87.0.4280.66 Safari/537.36', 17, 'com.quan.system.web.controller.SysUserController', 'queryPage', NULL, '2021-01-28 15:26:39', '2021-01-28 15:26:39');
INSERT INTO `sys_log` VALUES (1416, 2, 'admin', '127.0.0.1', '查询系统用户列表', '/system/sysuser/page', 'GET', '{\"limit\":\"200\",\"page\":\"1\"}', 'Mozilla/5.0 (Windows NT 10.0; Win64; x64) AppleWebKit/537.36 (KHTML, like Gecko) Chrome/87.0.4280.66 Safari/537.36', 18, 'com.quan.system.web.controller.SysUserController', 'queryPage', NULL, '2021-01-28 15:26:51', '2021-01-28 15:26:51');
INSERT INTO `sys_log` VALUES (1417, 2, 'admin', '127.0.0.1', '查询系统用户列表', '/system/sysuser/page', 'GET', '{\"limit\":\"200\",\"page\":\"1\"}', 'Mozilla/5.0 (Windows NT 10.0; Win64; x64) AppleWebKit/537.36 (KHTML, like Gecko) Chrome/87.0.4280.66 Safari/537.36', 107, 'com.quan.system.web.controller.SysUserController', 'queryPage', NULL, '2021-01-28 15:27:36', '2021-01-28 15:27:36');
INSERT INTO `sys_log` VALUES (1418, 2, 'admin', '127.0.0.1', '查询系统用户列表', '/system/sysuser/page', 'GET', '{\"limit\":\"10\",\"page\":\"1\"}', 'Mozilla/5.0 (Windows NT 10.0; Win64; x64) AppleWebKit/537.36 (KHTML, like Gecko) Chrome/87.0.4280.66 Safari/537.36', 25, 'com.quan.system.web.controller.SysUserController', 'queryPage', NULL, '2021-01-28 15:27:45', '2021-01-28 15:27:45');
INSERT INTO `sys_log` VALUES (1419, 1, 'admin', '127.0.0.1', '用户登录', '/system/sysuser/login', 'POST', '{}', 'Mozilla/5.0 (Windows NT 10.0; Win64; x64) AppleWebKit/537.36 (KHTML, like Gecko) Chrome/87.0.4280.66 Safari/537.36', NULL, NULL, NULL, NULL, '2021-01-28 18:18:29', '2021-01-28 18:18:29');
INSERT INTO `sys_log` VALUES (1420, 2, 'admin', '127.0.0.1', '查询系统用户列表', '/system/sysuser/page', 'GET', '{\"limit\":\"10\",\"page\":\"1\"}', 'Mozilla/5.0 (Windows NT 10.0; Win64; x64) AppleWebKit/537.36 (KHTML, like Gecko) Chrome/87.0.4280.66 Safari/537.36', 24, 'com.quan.system.web.controller.SysUserController', 'queryPage', NULL, '2021-01-28 18:18:33', '2021-01-28 18:18:33');
INSERT INTO `sys_log` VALUES (1421, 2, 'admin', '127.0.0.1', '查询系统用户列表', '/system/sysuser/page', 'GET', '{\"limit\":\"10\",\"page\":\"4\"}', 'Mozilla/5.0 (Windows NT 10.0; Win64; x64) AppleWebKit/537.36 (KHTML, like Gecko) Chrome/87.0.4280.66 Safari/537.36', 16, 'com.quan.system.web.controller.SysUserController', 'queryPage', NULL, '2021-01-28 18:18:39', '2021-01-28 18:18:39');
INSERT INTO `sys_log` VALUES (1422, 2, 'admin', '127.0.0.1', '查询系统用户列表', '/system/sysuser/page', 'GET', '{\"limit\":\"10\",\"page\":\"2\"}', 'Mozilla/5.0 (Windows NT 10.0; Win64; x64) AppleWebKit/537.36 (KHTML, like Gecko) Chrome/87.0.4280.66 Safari/537.36', 16, 'com.quan.system.web.controller.SysUserController', 'queryPage', NULL, '2021-01-28 18:18:40', '2021-01-28 18:18:40');
INSERT INTO `sys_log` VALUES (1423, 2, 'admin', '127.0.0.1', '查询系统用户列表', '/system/sysuser/page', 'GET', '{\"limit\":\"10\",\"page\":\"1\"}', 'Mozilla/5.0 (Windows NT 10.0; Win64; x64) AppleWebKit/537.36 (KHTML, like Gecko) Chrome/87.0.4280.66 Safari/537.36', 20, 'com.quan.system.web.controller.SysUserController', 'queryPage', NULL, '2021-01-28 18:18:42', '2021-01-28 18:18:42');
INSERT INTO `sys_log` VALUES (1424, 2, 'admin', '127.0.0.1', '查询系统用户列表', '/system/sysuser/page', 'GET', '{\"limit\":\"10\",\"page\":\"2\"}', 'Mozilla/5.0 (Windows NT 10.0; Win64; x64) AppleWebKit/537.36 (KHTML, like Gecko) Chrome/87.0.4280.66 Safari/537.36', 16, 'com.quan.system.web.controller.SysUserController', 'queryPage', NULL, '2021-01-28 18:18:46', '2021-01-28 18:18:46');
INSERT INTO `sys_log` VALUES (1425, 2, 'admin', '127.0.0.1', '查询系统用户列表', '/system/sysuser/page', 'GET', '{\"limit\":\"10\",\"page\":\"1\"}', 'Mozilla/5.0 (Windows NT 10.0; Win64; x64) AppleWebKit/537.36 (KHTML, like Gecko) Chrome/87.0.4280.66 Safari/537.36', 22, 'com.quan.system.web.controller.SysUserController', 'queryPage', NULL, '2021-01-28 18:18:47', '2021-01-28 18:18:47');
INSERT INTO `sys_log` VALUES (1426, 2, 'admin', '127.0.0.1', '查询系统用户列表', '/system/sysuser/page', 'GET', '{\"limit\":\"10\",\"page\":\"2\"}', 'Mozilla/5.0 (Windows NT 10.0; Win64; x64) AppleWebKit/537.36 (KHTML, like Gecko) Chrome/87.0.4280.66 Safari/537.36', 16, 'com.quan.system.web.controller.SysUserController', 'queryPage', NULL, '2021-01-28 18:18:58', '2021-01-28 18:18:58');
INSERT INTO `sys_log` VALUES (1427, 2, 'admin', '127.0.0.1', '查询系统用户列表', '/system/sysuser/page', 'GET', '{\"limit\":\"10\",\"page\":\"1\"}', 'Mozilla/5.0 (Windows NT 10.0; Win64; x64) AppleWebKit/537.36 (KHTML, like Gecko) Chrome/87.0.4280.66 Safari/537.36', 23, 'com.quan.system.web.controller.SysUserController', 'queryPage', NULL, '2021-01-28 18:18:59', '2021-01-28 18:18:59');
INSERT INTO `sys_log` VALUES (1428, 2, 'admin', '127.0.0.1', '查询系统用户列表', '/system/sysuser/page', 'GET', '{\"limit\":\"10\",\"page\":\"1\"}', 'Mozilla/5.0 (Windows NT 10.0; Win64; x64) AppleWebKit/537.36 (KHTML, like Gecko) Chrome/87.0.4280.66 Safari/537.36', 34, 'com.quan.system.web.controller.SysUserController', 'queryPage', NULL, '2021-01-28 18:22:26', '2021-01-28 18:22:26');
INSERT INTO `sys_log` VALUES (1429, 2, 'admin', '127.0.0.1', '查询系统用户列表', '/system/sysuser/page', 'GET', '{\"limit\":\"10\",\"page\":\"2\"}', 'Mozilla/5.0 (Windows NT 10.0; Win64; x64) AppleWebKit/537.36 (KHTML, like Gecko) Chrome/87.0.4280.66 Safari/537.36', 15, 'com.quan.system.web.controller.SysUserController', 'queryPage', NULL, '2021-01-28 18:22:29', '2021-01-28 18:22:29');
INSERT INTO `sys_log` VALUES (1430, 2, 'admin', '127.0.0.1', '查询系统用户列表', '/system/sysuser/page', 'GET', '{\"limit\":\"10\",\"page\":\"1\"}', 'Mozilla/5.0 (Windows NT 10.0; Win64; x64) AppleWebKit/537.36 (KHTML, like Gecko) Chrome/87.0.4280.66 Safari/537.36', 21, 'com.quan.system.web.controller.SysUserController', 'queryPage', NULL, '2021-01-28 18:22:31', '2021-01-28 18:22:31');
INSERT INTO `sys_log` VALUES (1431, 2, 'admin', '127.0.0.1', '查询系统用户列表', '/system/sysuser/page', 'GET', '{\"limit\":\"10\",\"page\":\"2\"}', 'Mozilla/5.0 (Windows NT 10.0; Win64; x64) AppleWebKit/537.36 (KHTML, like Gecko) Chrome/87.0.4280.66 Safari/537.36', 13, 'com.quan.system.web.controller.SysUserController', 'queryPage', NULL, '2021-01-28 18:22:45', '2021-01-28 18:22:45');
INSERT INTO `sys_log` VALUES (1432, 2, 'admin', '127.0.0.1', '查询系统用户列表', '/system/sysuser/page', 'GET', '{\"limit\":\"10\",\"page\":\"1\"}', 'Mozilla/5.0 (Windows NT 10.0; Win64; x64) AppleWebKit/537.36 (KHTML, like Gecko) Chrome/87.0.4280.66 Safari/537.36', 22, 'com.quan.system.web.controller.SysUserController', 'queryPage', NULL, '2021-01-28 18:22:46', '2021-01-28 18:22:46');
INSERT INTO `sys_log` VALUES (1433, 2, 'admin', '127.0.0.1', '查询系统用户列表', '/system/sysuser/page', 'GET', '{\"limit\":\"10\",\"page\":\"2\"}', 'Mozilla/5.0 (Windows NT 10.0; Win64; x64) AppleWebKit/537.36 (KHTML, like Gecko) Chrome/87.0.4280.66 Safari/537.36', 14, 'com.quan.system.web.controller.SysUserController', 'queryPage', NULL, '2021-01-28 18:22:48', '2021-01-28 18:22:48');
INSERT INTO `sys_log` VALUES (1434, 2, 'admin', '127.0.0.1', '查询系统用户列表', '/system/sysuser/page', 'GET', '{\"limit\":\"10\",\"page\":\"1\"}', 'Mozilla/5.0 (Windows NT 10.0; Win64; x64) AppleWebKit/537.36 (KHTML, like Gecko) Chrome/87.0.4280.66 Safari/537.36', 19, 'com.quan.system.web.controller.SysUserController', 'queryPage', NULL, '2021-01-28 18:22:52', '2021-01-28 18:22:52');
INSERT INTO `sys_log` VALUES (1435, 2, 'admin', '127.0.0.1', '查询系统用户列表', '/system/sysuser/page', 'GET', '{\"limit\":\"10\",\"page\":\"2\"}', 'Mozilla/5.0 (Windows NT 10.0; Win64; x64) AppleWebKit/537.36 (KHTML, like Gecko) Chrome/87.0.4280.66 Safari/537.36', 13, 'com.quan.system.web.controller.SysUserController', 'queryPage', NULL, '2021-01-28 18:22:59', '2021-01-28 18:22:59');
INSERT INTO `sys_log` VALUES (1436, 2, 'admin', '127.0.0.1', '查询系统用户列表', '/system/sysuser/page', 'GET', '{\"limit\":\"10\",\"page\":\"1\"}', 'Mozilla/5.0 (Windows NT 10.0; Win64; x64) AppleWebKit/537.36 (KHTML, like Gecko) Chrome/87.0.4280.66 Safari/537.36', 17, 'com.quan.system.web.controller.SysUserController', 'queryPage', NULL, '2021-01-28 18:23:00', '2021-01-28 18:23:00');
INSERT INTO `sys_log` VALUES (1437, 2, 'admin', '127.0.0.1', '查询系统用户列表', '/system/sysuser/page', 'GET', '{\"limit\":\"10\",\"page\":\"11\"}', 'Mozilla/5.0 (Windows NT 10.0; Win64; x64) AppleWebKit/537.36 (KHTML, like Gecko) Chrome/87.0.4280.66 Safari/537.36', 10, 'com.quan.system.web.controller.SysUserController', 'queryPage', NULL, '2021-01-28 18:23:03', '2021-01-28 18:23:03');
INSERT INTO `sys_log` VALUES (1438, 2, 'admin', '127.0.0.1', '查询系统用户列表', '/system/sysuser/page', 'GET', '{\"limit\":\"10\",\"page\":\"1\"}', 'Mozilla/5.0 (Windows NT 10.0; Win64; x64) AppleWebKit/537.36 (KHTML, like Gecko) Chrome/87.0.4280.66 Safari/537.36', 19, 'com.quan.system.web.controller.SysUserController', 'queryPage', NULL, '2021-01-28 18:23:05', '2021-01-28 18:23:05');
INSERT INTO `sys_log` VALUES (1439, 2, 'admin', '127.0.0.1', '查询系统用户列表', '/system/sysuser/page', 'GET', '{\"limit\":\"10\",\"page\":\"2\"}', 'Mozilla/5.0 (Windows NT 10.0; Win64; x64) AppleWebKit/537.36 (KHTML, like Gecko) Chrome/87.0.4280.66 Safari/537.36', 18, 'com.quan.system.web.controller.SysUserController', 'queryPage', NULL, '2021-01-28 18:34:20', '2021-01-28 18:34:20');
INSERT INTO `sys_log` VALUES (1440, 2, 'admin', '127.0.0.1', '查询系统用户列表', '/system/sysuser/page', 'GET', '{\"limit\":\"10\",\"page\":\"1\"}', 'Mozilla/5.0 (Windows NT 10.0; Win64; x64) AppleWebKit/537.36 (KHTML, like Gecko) Chrome/87.0.4280.66 Safari/537.36', 26, 'com.quan.system.web.controller.SysUserController', 'queryPage', NULL, '2021-01-28 18:34:23', '2021-01-28 18:34:23');
INSERT INTO `sys_log` VALUES (1441, 2, 'admin', '127.0.0.1', '查询系统用户列表', '/system/sysuser/page', 'GET', '{\"limit\":\"10\",\"page\":\"2\"}', 'Mozilla/5.0 (Windows NT 10.0; Win64; x64) AppleWebKit/537.36 (KHTML, like Gecko) Chrome/87.0.4280.66 Safari/537.36', 15, 'com.quan.system.web.controller.SysUserController', 'queryPage', NULL, '2021-01-28 18:34:24', '2021-01-28 18:34:24');
INSERT INTO `sys_log` VALUES (1442, 2, 'admin', '127.0.0.1', '查询系统用户列表', '/system/sysuser/page', 'GET', '{\"limit\":\"10\",\"page\":\"1\"}', 'Mozilla/5.0 (Windows NT 10.0; Win64; x64) AppleWebKit/537.36 (KHTML, like Gecko) Chrome/87.0.4280.66 Safari/537.36', 27, 'com.quan.system.web.controller.SysUserController', 'queryPage', NULL, '2021-01-28 18:34:26', '2021-01-28 18:34:26');
INSERT INTO `sys_log` VALUES (1443, 2, 'admin', '127.0.0.1', '查询系统用户列表', '/system/sysuser/page', 'GET', '{\"limit\":\"10\",\"page\":\"1\"}', 'Mozilla/5.0 (Windows NT 10.0; Win64; x64) AppleWebKit/537.36 (KHTML, like Gecko) Chrome/87.0.4280.66 Safari/537.36', 35, 'com.quan.system.web.controller.SysUserController', 'queryPage', NULL, '2021-01-28 18:34:49', '2021-01-28 18:34:49');
INSERT INTO `sys_log` VALUES (1444, 2, 'admin', '127.0.0.1', '查询系统用户列表', '/system/sysuser/page', 'GET', '{\"limit\":\"10\",\"page\":\"1\"}', 'Mozilla/5.0 (Windows NT 10.0; Win64; x64) AppleWebKit/537.36 (KHTML, like Gecko) Chrome/87.0.4280.66 Safari/537.36', 36, 'com.quan.system.web.controller.SysUserController', 'queryPage', NULL, '2021-01-28 18:35:24', '2021-01-28 18:35:24');
INSERT INTO `sys_log` VALUES (1445, 2, 'admin', '127.0.0.1', '查询系统用户列表', '/system/sysuser/page', 'GET', '{\"limit\":\"10\",\"page\":\"2\"}', 'Mozilla/5.0 (Windows NT 10.0; Win64; x64) AppleWebKit/537.36 (KHTML, like Gecko) Chrome/87.0.4280.66 Safari/537.36', 14, 'com.quan.system.web.controller.SysUserController', 'queryPage', NULL, '2021-01-28 18:35:35', '2021-01-28 18:35:35');
INSERT INTO `sys_log` VALUES (1446, 2, 'admin', '127.0.0.1', '查询系统用户列表', '/system/sysuser/page', 'GET', '{\"limit\":\"10\",\"page\":\"1\"}', 'Mozilla/5.0 (Windows NT 10.0; Win64; x64) AppleWebKit/537.36 (KHTML, like Gecko) Chrome/87.0.4280.66 Safari/537.36', 18, 'com.quan.system.web.controller.SysUserController', 'queryPage', NULL, '2021-01-28 18:35:37', '2021-01-28 18:35:37');
INSERT INTO `sys_log` VALUES (1447, 2, 'admin', '127.0.0.1', '查询系统用户列表', '/system/sysuser/page', 'GET', '{\"limit\":\"10\",\"page\":\"2\"}', 'Mozilla/5.0 (Windows NT 10.0; Win64; x64) AppleWebKit/537.36 (KHTML, like Gecko) Chrome/87.0.4280.66 Safari/537.36', 14, 'com.quan.system.web.controller.SysUserController', 'queryPage', NULL, '2021-01-28 18:36:01', '2021-01-28 18:36:01');
INSERT INTO `sys_log` VALUES (1448, 2, 'admin', '127.0.0.1', '查询系统用户列表', '/system/sysuser/page', 'GET', '{\"limit\":\"10\",\"page\":\"1\"}', 'Mozilla/5.0 (Windows NT 10.0; Win64; x64) AppleWebKit/537.36 (KHTML, like Gecko) Chrome/87.0.4280.66 Safari/537.36', 20, 'com.quan.system.web.controller.SysUserController', 'queryPage', NULL, '2021-01-28 18:36:02', '2021-01-28 18:36:02');
INSERT INTO `sys_log` VALUES (1449, 2, 'admin', '127.0.0.1', '查询系统用户列表', '/system/sysuser/page', 'GET', '{\"limit\":\"10\",\"page\":\"5\"}', 'Mozilla/5.0 (Windows NT 10.0; Win64; x64) AppleWebKit/537.36 (KHTML, like Gecko) Chrome/87.0.4280.66 Safari/537.36', 17, 'com.quan.system.web.controller.SysUserController', 'queryPage', NULL, '2021-01-28 18:36:22', '2021-01-28 18:36:22');
INSERT INTO `sys_log` VALUES (1450, 2, 'admin', '127.0.0.1', '查询系统用户列表', '/system/sysuser/page', 'GET', '{\"limit\":\"10\",\"page\":\"1\"}', 'Mozilla/5.0 (Windows NT 10.0; Win64; x64) AppleWebKit/537.36 (KHTML, like Gecko) Chrome/87.0.4280.66 Safari/537.36', 19, 'com.quan.system.web.controller.SysUserController', 'queryPage', NULL, '2021-01-28 18:36:23', '2021-01-28 18:36:23');
INSERT INTO `sys_log` VALUES (1451, 2, 'admin', '127.0.0.1', '查询系统用户列表', '/system/sysuser/page', 'GET', '{\"limit\":\"10\",\"page\":\"1\"}', 'Mozilla/5.0 (Windows NT 10.0; Win64; x64) AppleWebKit/537.36 (KHTML, like Gecko) Chrome/87.0.4280.66 Safari/537.36', 22, 'com.quan.system.web.controller.SysUserController', 'queryPage', NULL, '2021-01-28 18:36:40', '2021-01-28 18:36:40');
INSERT INTO `sys_log` VALUES (1452, 2, 'admin', '127.0.0.1', '查询系统用户列表', '/system/sysuser/page', 'GET', '{\"limit\":\"10\",\"page\":\"1\"}', 'Mozilla/5.0 (Windows NT 10.0; Win64; x64) AppleWebKit/537.36 (KHTML, like Gecko) Chrome/87.0.4280.66 Safari/537.36', 28, 'com.quan.system.web.controller.SysUserController', 'queryPage', NULL, '2021-01-28 18:36:55', '2021-01-28 18:36:55');
INSERT INTO `sys_log` VALUES (1453, 2, 'admin', '127.0.0.1', '查询系统用户列表', '/system/sysuser/page', 'GET', '{\"limit\":\"10\",\"page\":\"2\"}', 'Mozilla/5.0 (Windows NT 10.0; Win64; x64) AppleWebKit/537.36 (KHTML, like Gecko) Chrome/87.0.4280.66 Safari/537.36', 13, 'com.quan.system.web.controller.SysUserController', 'queryPage', NULL, '2021-01-28 18:36:56', '2021-01-28 18:36:56');
INSERT INTO `sys_log` VALUES (1454, 2, 'admin', '127.0.0.1', '查询系统用户列表', '/system/sysuser/page', 'GET', '{\"limit\":\"10\",\"page\":\"1\"}', 'Mozilla/5.0 (Windows NT 10.0; Win64; x64) AppleWebKit/537.36 (KHTML, like Gecko) Chrome/87.0.4280.66 Safari/537.36', 19, 'com.quan.system.web.controller.SysUserController', 'queryPage', NULL, '2021-01-28 18:36:58', '2021-01-28 18:36:58');
INSERT INTO `sys_log` VALUES (1455, 2, 'admin', '127.0.0.1', '查询系统用户列表', '/system/sysuser/page', 'GET', '{\"limit\":\"10\",\"page\":\"2\"}', 'Mozilla/5.0 (Windows NT 10.0; Win64; x64) AppleWebKit/537.36 (KHTML, like Gecko) Chrome/87.0.4280.66 Safari/537.36', 16, 'com.quan.system.web.controller.SysUserController', 'queryPage', NULL, '2021-01-28 18:37:00', '2021-01-28 18:37:00');
INSERT INTO `sys_log` VALUES (1456, 2, 'admin', '127.0.0.1', '查询系统用户列表', '/system/sysuser/page', 'GET', '{\"limit\":\"10\",\"page\":\"1\"}', 'Mozilla/5.0 (Windows NT 10.0; Win64; x64) AppleWebKit/537.36 (KHTML, like Gecko) Chrome/87.0.4280.66 Safari/537.36', 20, 'com.quan.system.web.controller.SysUserController', 'queryPage', NULL, '2021-01-28 18:37:01', '2021-01-28 18:37:01');
INSERT INTO `sys_log` VALUES (1457, 2, 'admin', '127.0.0.1', '查询系统用户列表', '/system/sysuser/page', 'GET', '{\"limit\":\"10\",\"page\":\"1\"}', 'Mozilla/5.0 (Windows NT 10.0; Win64; x64) AppleWebKit/537.36 (KHTML, like Gecko) Chrome/87.0.4280.66 Safari/537.36', 29, 'com.quan.system.web.controller.SysUserController', 'queryPage', NULL, '2021-01-28 18:37:03', '2021-01-28 18:37:03');
INSERT INTO `sys_log` VALUES (1458, 2, 'admin', '127.0.0.1', '查询系统用户列表', '/system/sysuser/page', 'GET', '{\"limit\":\"10\",\"page\":\"2\"}', 'Mozilla/5.0 (Windows NT 10.0; Win64; x64) AppleWebKit/537.36 (KHTML, like Gecko) Chrome/87.0.4280.66 Safari/537.36', 14, 'com.quan.system.web.controller.SysUserController', 'queryPage', NULL, '2021-01-28 18:37:04', '2021-01-28 18:37:04');
INSERT INTO `sys_log` VALUES (1459, 2, 'admin', '127.0.0.1', '查询系统用户列表', '/system/sysuser/page', 'GET', '{\"limit\":\"10\",\"page\":\"1\"}', 'Mozilla/5.0 (Windows NT 10.0; Win64; x64) AppleWebKit/537.36 (KHTML, like Gecko) Chrome/87.0.4280.66 Safari/537.36', 20, 'com.quan.system.web.controller.SysUserController', 'queryPage', NULL, '2021-01-28 18:37:07', '2021-01-28 18:37:07');
INSERT INTO `sys_log` VALUES (1460, 2, 'admin', '127.0.0.1', '查询系统用户列表', '/system/sysuser/page', 'GET', '{\"limit\":\"10\",\"page\":\"1\"}', 'Mozilla/5.0 (Windows NT 10.0; Win64; x64) AppleWebKit/537.36 (KHTML, like Gecko) Chrome/87.0.4280.66 Safari/537.36', 30, 'com.quan.system.web.controller.SysUserController', 'queryPage', NULL, '2021-01-28 18:37:09', '2021-01-28 18:37:09');
INSERT INTO `sys_log` VALUES (1461, 2, 'admin', '127.0.0.1', '查询系统用户列表', '/system/sysuser/page', 'GET', '{\"limit\":\"10\",\"page\":\"1\"}', 'Mozilla/5.0 (Windows NT 10.0; Win64; x64) AppleWebKit/537.36 (KHTML, like Gecko) Chrome/87.0.4280.66 Safari/537.36', 31, 'com.quan.system.web.controller.SysUserController', 'queryPage', NULL, '2021-01-28 18:37:35', '2021-01-28 18:37:35');
INSERT INTO `sys_log` VALUES (1462, 2, 'admin', '127.0.0.1', '查询系统用户列表', '/system/sysuser/page', 'GET', '{\"limit\":\"10\",\"page\":\"2\"}', 'Mozilla/5.0 (Windows NT 10.0; Win64; x64) AppleWebKit/537.36 (KHTML, like Gecko) Chrome/87.0.4280.66 Safari/537.36', 13, 'com.quan.system.web.controller.SysUserController', 'queryPage', NULL, '2021-01-28 18:37:40', '2021-01-28 18:37:40');
INSERT INTO `sys_log` VALUES (1463, 2, 'admin', '127.0.0.1', '查询系统用户列表', '/system/sysuser/page', 'GET', '{\"limit\":\"10\",\"page\":\"1\"}', 'Mozilla/5.0 (Windows NT 10.0; Win64; x64) AppleWebKit/537.36 (KHTML, like Gecko) Chrome/87.0.4280.66 Safari/537.36', 18, 'com.quan.system.web.controller.SysUserController', 'queryPage', NULL, '2021-01-28 18:37:47', '2021-01-28 18:37:47');
INSERT INTO `sys_log` VALUES (1464, 1, 'admin', '127.0.0.1', '用户登录', '/system/sysuser/login', 'POST', '{}', 'Mozilla/5.0 (Windows NT 10.0; Win64; x64) AppleWebKit/537.36 (KHTML, like Gecko) Chrome/87.0.4280.66 Safari/537.36', NULL, NULL, NULL, NULL, '2021-01-28 22:00:38', '2021-01-28 22:00:38');
INSERT INTO `sys_log` VALUES (1465, 2, 'admin', '127.0.0.1', '查询系统用户列表', '/system/sysuser/page', 'GET', '{\"limit\":\"10\",\"page\":\"1\"}', 'Mozilla/5.0 (Windows NT 10.0; Win64; x64) AppleWebKit/537.36 (KHTML, like Gecko) Chrome/87.0.4280.66 Safari/537.36', 21, 'com.quan.system.web.controller.SysUserController', 'queryPage', NULL, '2021-01-28 22:00:41', '2021-01-28 22:00:41');
INSERT INTO `sys_log` VALUES (1466, 2, 'admin', '127.0.0.1', '查询系统用户列表', '/system/sysuser/page', 'GET', '{\"limit\":\"10\",\"page\":\"2\"}', 'Mozilla/5.0 (Windows NT 10.0; Win64; x64) AppleWebKit/537.36 (KHTML, like Gecko) Chrome/87.0.4280.66 Safari/537.36', 13, 'com.quan.system.web.controller.SysUserController', 'queryPage', NULL, '2021-01-28 22:00:44', '2021-01-28 22:00:44');
INSERT INTO `sys_log` VALUES (1467, 2, 'admin', '127.0.0.1', '查询系统用户列表', '/system/sysuser/page', 'GET', '{\"limit\":\"10\",\"page\":\"1\"}', 'Mozilla/5.0 (Windows NT 10.0; Win64; x64) AppleWebKit/537.36 (KHTML, like Gecko) Chrome/87.0.4280.66 Safari/537.36', 15, 'com.quan.system.web.controller.SysUserController', 'queryPage', NULL, '2021-01-28 22:00:45', '2021-01-28 22:00:45');
INSERT INTO `sys_log` VALUES (1468, 2, 'admin', '127.0.0.1', '查询系统用户列表', '/system/sysuser/page', 'GET', '{\"limit\":\"10\",\"page\":\"1\"}', 'Mozilla/5.0 (Windows NT 10.0; Win64; x64) AppleWebKit/537.36 (KHTML, like Gecko) Chrome/87.0.4280.66 Safari/537.36', 20, 'com.quan.system.web.controller.SysUserController', 'queryPage', NULL, '2021-01-28 22:00:59', '2021-01-28 22:00:59');
INSERT INTO `sys_log` VALUES (1469, 2, 'admin', '127.0.0.1', '查询系统用户列表', '/system/sysuser/page', 'GET', '{\"limit\":\"10\",\"page\":\"2\"}', 'Mozilla/5.0 (Windows NT 10.0; Win64; x64) AppleWebKit/537.36 (KHTML, like Gecko) Chrome/87.0.4280.66 Safari/537.36', 12, 'com.quan.system.web.controller.SysUserController', 'queryPage', NULL, '2021-01-28 22:01:03', '2021-01-28 22:01:03');
INSERT INTO `sys_log` VALUES (1470, 2, 'admin', '127.0.0.1', '查询系统用户列表', '/system/sysuser/page', 'GET', '{\"limit\":\"10\",\"page\":\"1\"}', 'Mozilla/5.0 (Windows NT 10.0; Win64; x64) AppleWebKit/537.36 (KHTML, like Gecko) Chrome/87.0.4280.66 Safari/537.36', 16, 'com.quan.system.web.controller.SysUserController', 'queryPage', NULL, '2021-01-28 22:01:07', '2021-01-28 22:01:07');
INSERT INTO `sys_log` VALUES (1471, 2, 'admin', '127.0.0.1', '查询系统用户列表', '/system/sysuser/page', 'GET', '{\"limit\":\"10\",\"page\":\"1\"}', 'Mozilla/5.0 (Windows NT 10.0; Win64; x64) AppleWebKit/537.36 (KHTML, like Gecko) Chrome/87.0.4280.66 Safari/537.36', 25, 'com.quan.system.web.controller.SysUserController', 'queryPage', NULL, '2021-01-28 22:01:20', '2021-01-28 22:01:20');
INSERT INTO `sys_log` VALUES (1472, 2, 'admin', '127.0.0.1', '查询系统用户列表', '/system/sysuser/page', 'GET', '{\"limit\":\"10\",\"page\":\"2\"}', 'Mozilla/5.0 (Windows NT 10.0; Win64; x64) AppleWebKit/537.36 (KHTML, like Gecko) Chrome/87.0.4280.66 Safari/537.36', 17, 'com.quan.system.web.controller.SysUserController', 'queryPage', NULL, '2021-01-28 22:01:21', '2021-01-28 22:01:21');
INSERT INTO `sys_log` VALUES (1473, 2, 'admin', '127.0.0.1', '查询系统用户列表', '/system/sysuser/page', 'GET', '{\"limit\":\"10\",\"page\":\"1\"}', 'Mozilla/5.0 (Windows NT 10.0; Win64; x64) AppleWebKit/537.36 (KHTML, like Gecko) Chrome/87.0.4280.66 Safari/537.36', 21, 'com.quan.system.web.controller.SysUserController', 'queryPage', NULL, '2021-01-28 22:01:23', '2021-01-28 22:01:23');
INSERT INTO `sys_log` VALUES (1474, 2, 'admin', '127.0.0.1', '查询系统用户列表', '/system/sysuser/page', 'GET', '{\"limit\":\"10\",\"page\":\"1\"}', 'Mozilla/5.0 (Windows NT 10.0; Win64; x64) AppleWebKit/537.36 (KHTML, like Gecko) Chrome/87.0.4280.66 Safari/537.36', 36, 'com.quan.system.web.controller.SysUserController', 'queryPage', NULL, '2021-01-28 22:03:32', '2021-01-28 22:03:32');
INSERT INTO `sys_log` VALUES (1475, 2, 'admin', '127.0.0.1', '查询系统用户列表', '/system/sysuser/page', 'GET', '{\"limit\":\"10\",\"page\":\"2\"}', 'Mozilla/5.0 (Windows NT 10.0; Win64; x64) AppleWebKit/537.36 (KHTML, like Gecko) Chrome/87.0.4280.66 Safari/537.36', 14, 'com.quan.system.web.controller.SysUserController', 'queryPage', NULL, '2021-01-28 22:03:34', '2021-01-28 22:03:34');
INSERT INTO `sys_log` VALUES (1476, 2, 'admin', '127.0.0.1', '查询系统用户列表', '/system/sysuser/page', 'GET', '{\"limit\":\"10\",\"page\":\"1\"}', 'Mozilla/5.0 (Windows NT 10.0; Win64; x64) AppleWebKit/537.36 (KHTML, like Gecko) Chrome/87.0.4280.66 Safari/537.36', 18, 'com.quan.system.web.controller.SysUserController', 'queryPage', NULL, '2021-01-28 22:03:36', '2021-01-28 22:03:36');
INSERT INTO `sys_log` VALUES (1477, 2, 'admin', '127.0.0.1', '查询系统用户列表', '/system/sysuser/page', 'GET', '{\"limit\":\"10\",\"page\":\"3\"}', 'Mozilla/5.0 (Windows NT 10.0; Win64; x64) AppleWebKit/537.36 (KHTML, like Gecko) Chrome/87.0.4280.66 Safari/537.36', 14, 'com.quan.system.web.controller.SysUserController', 'queryPage', NULL, '2021-01-28 22:03:59', '2021-01-28 22:03:59');
INSERT INTO `sys_log` VALUES (1478, 2, 'admin', '127.0.0.1', '查询系统用户列表', '/system/sysuser/page', 'GET', '{\"limit\":\"10\",\"page\":\"1\"}', 'Mozilla/5.0 (Windows NT 10.0; Win64; x64) AppleWebKit/537.36 (KHTML, like Gecko) Chrome/87.0.4280.66 Safari/537.36', 16, 'com.quan.system.web.controller.SysUserController', 'queryPage', NULL, '2021-01-28 22:04:00', '2021-01-28 22:04:00');
INSERT INTO `sys_log` VALUES (1479, 2, 'admin', '127.0.0.1', '查询系统用户列表', '/system/sysuser/page', 'GET', '{\"limit\":\"10\",\"page\":\"1\"}', 'Mozilla/5.0 (Windows NT 10.0; Win64; x64) AppleWebKit/537.36 (KHTML, like Gecko) Chrome/87.0.4280.66 Safari/537.36', 17, 'com.quan.system.web.controller.SysUserController', 'queryPage', NULL, '2021-01-28 22:05:58', '2021-01-28 22:05:58');
INSERT INTO `sys_log` VALUES (1480, 2, 'admin', '127.0.0.1', '查询系统用户列表', '/system/sysuser/page', 'GET', '{\"limit\":\"10\",\"page\":\"1\"}', 'Mozilla/5.0 (Windows NT 10.0; Win64; x64) AppleWebKit/537.36 (KHTML, like Gecko) Chrome/87.0.4280.66 Safari/537.36', 25, 'com.quan.system.web.controller.SysUserController', 'queryPage', NULL, '2021-01-28 22:07:53', '2021-01-28 22:07:53');
INSERT INTO `sys_log` VALUES (1481, 2, 'admin', '127.0.0.1', '查询系统用户列表', '/system/sysuser/page', 'GET', '{\"limit\":\"10\",\"page\":\"1\"}', 'Mozilla/5.0 (Windows NT 10.0; Win64; x64) AppleWebKit/537.36 (KHTML, like Gecko) Chrome/87.0.4280.66 Safari/537.36', 24, 'com.quan.system.web.controller.SysUserController', 'queryPage', NULL, '2021-01-28 22:08:20', '2021-01-28 22:08:20');
INSERT INTO `sys_log` VALUES (1482, 2, 'admin', '127.0.0.1', '查询系统用户列表', '/system/sysuser/page', 'GET', '{\"limit\":\"10\",\"page\":\"1\"}', 'Mozilla/5.0 (Windows NT 10.0; Win64; x64) AppleWebKit/537.36 (KHTML, like Gecko) Chrome/87.0.4280.66 Safari/537.36', 24, 'com.quan.system.web.controller.SysUserController', 'queryPage', NULL, '2021-01-28 22:10:00', '2021-01-28 22:10:00');
INSERT INTO `sys_log` VALUES (1483, 2, 'admin', '127.0.0.1', '查询系统用户列表', '/system/sysuser/page', 'GET', '{\"limit\":\"10\",\"page\":\"1\"}', 'Mozilla/5.0 (Windows NT 10.0; Win64; x64) AppleWebKit/537.36 (KHTML, like Gecko) Chrome/87.0.4280.66 Safari/537.36', 19, 'com.quan.system.web.controller.SysUserController', 'queryPage', NULL, '2021-01-28 22:11:27', '2021-01-28 22:11:27');
INSERT INTO `sys_log` VALUES (1484, 2, 'admin', '127.0.0.1', '查询系统用户列表', '/system/sysuser/page', 'GET', '{\"limit\":\"10\",\"page\":\"1\"}', 'Mozilla/5.0 (Windows NT 10.0; Win64; x64) AppleWebKit/537.36 (KHTML, like Gecko) Chrome/87.0.4280.66 Safari/537.36', 24, 'com.quan.system.web.controller.SysUserController', 'queryPage', NULL, '2021-01-28 22:11:42', '2021-01-28 22:11:42');
INSERT INTO `sys_log` VALUES (1485, 2, 'admin', '127.0.0.1', '查询系统用户列表', '/system/sysuser/page', 'GET', '{\"limit\":\"10\",\"page\":\"1\"}', 'Mozilla/5.0 (Windows NT 10.0; Win64; x64) AppleWebKit/537.36 (KHTML, like Gecko) Chrome/87.0.4280.66 Safari/537.36', 21, 'com.quan.system.web.controller.SysUserController', 'queryPage', NULL, '2021-01-28 22:12:23', '2021-01-28 22:12:23');
INSERT INTO `sys_log` VALUES (1486, 2, 'admin', '127.0.0.1', '查询系统用户列表', '/system/sysuser/page', 'GET', '{\"limit\":\"10\",\"page\":\"1\"}', 'Mozilla/5.0 (Windows NT 10.0; Win64; x64) AppleWebKit/537.36 (KHTML, like Gecko) Chrome/87.0.4280.66 Safari/537.36', 20, 'com.quan.system.web.controller.SysUserController', 'queryPage', NULL, '2021-01-28 22:12:35', '2021-01-28 22:12:35');
INSERT INTO `sys_log` VALUES (1487, 2, 'admin', '127.0.0.1', '查询系统用户列表', '/system/sysuser/page', 'GET', '{\"limit\":\"10\",\"page\":\"1\"}', 'Mozilla/5.0 (Windows NT 10.0; Win64; x64) AppleWebKit/537.36 (KHTML, like Gecko) Chrome/87.0.4280.66 Safari/537.36', 21, 'com.quan.system.web.controller.SysUserController', 'queryPage', NULL, '2021-01-28 22:12:48', '2021-01-28 22:12:48');
INSERT INTO `sys_log` VALUES (1488, 1, 'admin', '127.0.0.1', '用户登录', '/system/sysuser/login', 'POST', '{}', 'Mozilla/5.0 (Windows NT 10.0; Win64; x64) AppleWebKit/537.36 (KHTML, like Gecko) Chrome/87.0.4280.66 Safari/537.36', NULL, NULL, NULL, NULL, '2021-01-28 22:45:19', '2021-01-28 22:45:19');
INSERT INTO `sys_log` VALUES (1489, 1, 'admin', '127.0.0.1', '用户登录', '/system/sysuser/login', 'POST', '{}', 'Mozilla/5.0 (Windows NT 10.0; Win64; x64) AppleWebKit/537.36 (KHTML, like Gecko) Chrome/87.0.4280.66 Safari/537.36', NULL, NULL, NULL, NULL, '2021-01-28 22:48:56', '2021-01-28 22:48:56');
INSERT INTO `sys_log` VALUES (1490, 1, 'admin', '127.0.0.1', '用户登录', '/system/sysuser/login', 'POST', '{}', 'Mozilla/5.0 (Windows NT 10.0; Win64; x64) AppleWebKit/537.36 (KHTML, like Gecko) Chrome/87.0.4280.66 Safari/537.36', NULL, NULL, NULL, NULL, '2021-01-28 23:13:14', '2021-01-28 23:13:14');
INSERT INTO `sys_log` VALUES (1491, 1, 'admin', '127.0.0.1', '用户登录', '/system/sysuser/login', 'POST', '{}', 'Mozilla/5.0 (Windows NT 10.0; Win64; x64) AppleWebKit/537.36 (KHTML, like Gecko) Chrome/87.0.4280.66 Safari/537.36', NULL, NULL, NULL, NULL, '2021-01-28 23:16:15', '2021-01-28 23:16:15');
INSERT INTO `sys_log` VALUES (1492, 2, 'admin', '127.0.0.1', '查询系统用户列表', '/system/sysuser/page', 'GET', '{\"limit\":\"10\",\"page\":\"1\"}', 'Mozilla/5.0 (Windows NT 10.0; Win64; x64) AppleWebKit/537.36 (KHTML, like Gecko) Chrome/87.0.4280.66 Safari/537.36', 165, 'com.quan.system.web.controller.SysUserController', 'queryPage', NULL, '2021-01-28 23:16:20', '2021-01-28 23:16:20');
INSERT INTO `sys_log` VALUES (1493, 1, 'admin', '127.0.0.1', '用户登录', '/system/sysuser/login', 'POST', '{}', 'Mozilla/5.0 (Windows NT 10.0; Win64; x64) AppleWebKit/537.36 (KHTML, like Gecko) Chrome/87.0.4280.66 Safari/537.36', NULL, NULL, NULL, NULL, '2021-01-28 23:34:09', '2021-01-28 23:34:09');
INSERT INTO `sys_log` VALUES (1494, 1, 'admin', '127.0.0.1', '用户登录', '/system/sysuser/login', 'POST', '{}', 'Mozilla/5.0 (Windows NT 10.0; Win64; x64) AppleWebKit/537.36 (KHTML, like Gecko) Chrome/87.0.4280.66 Safari/537.36', NULL, NULL, NULL, NULL, '2021-01-28 23:35:35', '2021-01-28 23:35:35');
INSERT INTO `sys_log` VALUES (1495, 1, 'admin', '127.0.0.1', '用户登录', '/system/sysuser/login', 'POST', '{}', 'Mozilla/5.0 (Windows NT 10.0; Win64; x64) AppleWebKit/537.36 (KHTML, like Gecko) Chrome/87.0.4280.66 Safari/537.36', NULL, NULL, NULL, NULL, '2021-01-29 09:26:53', '2021-01-29 09:26:53');
INSERT INTO `sys_log` VALUES (1496, 1, 'admin', '127.0.0.1', '用户登录', '/system/sysuser/login', 'POST', '{}', 'Mozilla/5.0 (Windows NT 10.0; Win64; x64) AppleWebKit/537.36 (KHTML, like Gecko) Chrome/87.0.4280.66 Safari/537.36', NULL, NULL, NULL, NULL, '2021-01-29 13:39:58', '2021-01-29 13:39:58');
INSERT INTO `sys_log` VALUES (1497, 1, 'admin', '127.0.0.1', '用户登录', '/system/sysuser/login', 'POST', '{}', 'Mozilla/5.0 (Windows NT 10.0; Win64; x64) AppleWebKit/537.36 (KHTML, like Gecko) Chrome/87.0.4280.66 Safari/537.36', NULL, NULL, NULL, NULL, '2021-01-29 14:13:19', '2021-01-29 14:13:19');
INSERT INTO `sys_log` VALUES (1498, 1, 'admin', '127.0.0.1', '用户登录', '/system/sysuser/login', 'POST', '{}', 'Mozilla/5.0 (Windows NT 10.0; Win64; x64) AppleWebKit/537.36 (KHTML, like Gecko) Chrome/87.0.4280.66 Safari/537.36', NULL, NULL, NULL, NULL, '2021-01-30 10:07:29', '2021-01-30 10:07:29');
INSERT INTO `sys_log` VALUES (1499, 1, 'admin', '127.0.0.1', '用户登录', '/system/sysuser/login', 'POST', '{}', 'Mozilla/5.0 (Windows NT 10.0; Win64; x64) AppleWebKit/537.36 (KHTML, like Gecko) Chrome/87.0.4280.66 Safari/537.36', NULL, NULL, NULL, NULL, '2021-01-30 10:53:17', '2021-01-30 10:53:17');
INSERT INTO `sys_log` VALUES (1500, 2, 'admin', '127.0.0.1', '查询系统用户列表', '/system/sysuser/page', 'GET', '{\"limit\":\"10\",\"page\":\"1\"}', 'Mozilla/5.0 (Windows NT 10.0; Win64; x64) AppleWebKit/537.36 (KHTML, like Gecko) Chrome/87.0.4280.66 Safari/537.36', 151, 'com.quan.system.web.controller.SysUserController', 'queryPage', NULL, '2021-01-30 10:53:30', '2021-01-30 10:53:30');
INSERT INTO `sys_log` VALUES (1501, 1, 'admin', '127.0.0.1', '用户登录', '/system/sysuser/login', 'POST', '{}', 'Mozilla/5.0 (Windows NT 10.0; Win64; x64) AppleWebKit/537.36 (KHTML, like Gecko) Chrome/87.0.4280.66 Safari/537.36', NULL, NULL, NULL, NULL, '2021-01-30 12:21:01', '2021-01-30 12:21:01');
INSERT INTO `sys_log` VALUES (1502, 2, 'admin', '127.0.0.1', '查询系统用户列表', '/system/sysuser/page', 'GET', '{\"limit\":\"10\",\"page\":\"1\"}', 'Mozilla/5.0 (Windows NT 10.0; Win64; x64) AppleWebKit/537.36 (KHTML, like Gecko) Chrome/87.0.4280.66 Safari/537.36', 53, 'com.quan.system.web.controller.SysUserController', 'queryPage', NULL, '2021-01-30 12:21:35', '2021-01-30 12:21:35');
INSERT INTO `sys_log` VALUES (1503, 2, 'admin', '127.0.0.1', '查询系统用户列表', '/system/sysuser/page', 'GET', '{\"limit\":\"10\",\"page\":\"1\"}', 'Mozilla/5.0 (Windows NT 10.0; Win64; x64) AppleWebKit/537.36 (KHTML, like Gecko) Chrome/87.0.4280.66 Safari/537.36', 53, 'com.quan.system.web.controller.SysUserController', 'queryPage', NULL, '2021-01-30 12:21:47', '2021-01-30 12:21:47');
INSERT INTO `sys_log` VALUES (1504, 2, 'admin', '127.0.0.1', '查询系统用户列表', '/system/sysuser/page', 'GET', '{\"limit\":\"10\",\"page\":\"1\"}', 'Mozilla/5.0 (Windows NT 10.0; Win64; x64) AppleWebKit/537.36 (KHTML, like Gecko) Chrome/87.0.4280.66 Safari/537.36', 45, 'com.quan.system.web.controller.SysUserController', 'queryPage', NULL, '2021-01-30 12:22:37', '2021-01-30 12:22:37');
INSERT INTO `sys_log` VALUES (1505, 2, 'admin', '127.0.0.1', '查询系统用户列表', '/system/sysuser/page', 'GET', '{\"limit\":\"10\",\"page\":\"1\"}', 'Mozilla/5.0 (Windows NT 10.0; Win64; x64) AppleWebKit/537.36 (KHTML, like Gecko) Chrome/87.0.4280.66 Safari/537.36', 49, 'com.quan.system.web.controller.SysUserController', 'queryPage', NULL, '2021-01-30 12:22:48', '2021-01-30 12:22:48');
INSERT INTO `sys_log` VALUES (1506, 2, 'admin', '127.0.0.1', '查询系统用户列表', '/system/sysuser/page', 'GET', '{\"limit\":\"10\",\"page\":\"1\"}', 'Mozilla/5.0 (Windows NT 10.0; Win64; x64) AppleWebKit/537.36 (KHTML, like Gecko) Chrome/87.0.4280.66 Safari/537.36', 51, 'com.quan.system.web.controller.SysUserController', 'queryPage', NULL, '2021-01-30 12:23:17', '2021-01-30 12:23:17');
INSERT INTO `sys_log` VALUES (1507, 2, 'admin', '127.0.0.1', '查询系统用户列表', '/system/sysuser/page', 'GET', '{\"limit\":\"10\",\"page\":\"1\"}', 'Mozilla/5.0 (Windows NT 10.0; Win64; x64) AppleWebKit/537.36 (KHTML, like Gecko) Chrome/87.0.4280.66 Safari/537.36', 43, 'com.quan.system.web.controller.SysUserController', 'queryPage', NULL, '2021-01-30 12:23:48', '2021-01-30 12:23:48');
INSERT INTO `sys_log` VALUES (1508, 2, 'admin', '127.0.0.1', '查询系统用户列表', '/system/sysuser/page', 'GET', '{\"limit\":\"10\",\"page\":\"1\"}', 'Mozilla/5.0 (Windows NT 10.0; Win64; x64) AppleWebKit/537.36 (KHTML, like Gecko) Chrome/87.0.4280.66 Safari/537.36', 43, 'com.quan.system.web.controller.SysUserController', 'queryPage', NULL, '2021-01-30 12:23:54', '2021-01-30 12:23:54');
INSERT INTO `sys_log` VALUES (1509, 2, 'admin', '127.0.0.1', '查询系统用户列表', '/system/sysuser/page', 'GET', '{\"limit\":\"10\",\"page\":\"1\"}', 'Mozilla/5.0 (Windows NT 10.0; Win64; x64) AppleWebKit/537.36 (KHTML, like Gecko) Chrome/87.0.4280.66 Safari/537.36', 55, 'com.quan.system.web.controller.SysUserController', 'queryPage', NULL, '2021-01-30 12:24:09', '2021-01-30 12:24:09');
INSERT INTO `sys_log` VALUES (1510, 2, 'admin', '127.0.0.1', '查询系统用户列表', '/system/sysuser/page', 'GET', '{\"limit\":\"10\",\"page\":\"1\"}', 'Mozilla/5.0 (Windows NT 10.0; Win64; x64) AppleWebKit/537.36 (KHTML, like Gecko) Chrome/87.0.4280.66 Safari/537.36', 46, 'com.quan.system.web.controller.SysUserController', 'queryPage', NULL, '2021-01-30 12:24:20', '2021-01-30 12:24:20');
INSERT INTO `sys_log` VALUES (1511, 2, 'admin', '127.0.0.1', '查询系统用户列表', '/system/sysuser/page', 'GET', '{\"limit\":\"10\",\"page\":\"1\"}', 'Mozilla/5.0 (Windows NT 10.0; Win64; x64) AppleWebKit/537.36 (KHTML, like Gecko) Chrome/87.0.4280.66 Safari/537.36', 46, 'com.quan.system.web.controller.SysUserController', 'queryPage', NULL, '2021-01-30 12:24:37', '2021-01-30 12:24:37');
INSERT INTO `sys_log` VALUES (1512, 2, 'admin', '127.0.0.1', '查询系统用户列表', '/system/sysuser/page', 'GET', '{\"limit\":\"10\",\"page\":\"1\"}', 'Mozilla/5.0 (Windows NT 10.0; Win64; x64) AppleWebKit/537.36 (KHTML, like Gecko) Chrome/87.0.4280.66 Safari/537.36', 41, 'com.quan.system.web.controller.SysUserController', 'queryPage', NULL, '2021-01-30 12:24:44', '2021-01-30 12:24:44');
INSERT INTO `sys_log` VALUES (1513, 2, 'admin', '127.0.0.1', '查询系统用户列表', '/system/sysuser/page', 'GET', '{\"limit\":\"10\",\"page\":\"1\"}', 'Mozilla/5.0 (Windows NT 10.0; Win64; x64) AppleWebKit/537.36 (KHTML, like Gecko) Chrome/87.0.4280.66 Safari/537.36', 41, 'com.quan.system.web.controller.SysUserController', 'queryPage', NULL, '2021-01-30 12:25:03', '2021-01-30 12:25:03');
INSERT INTO `sys_log` VALUES (1514, 2, 'admin', '127.0.0.1', '查询系统用户列表', '/system/sysuser/page', 'GET', '{\"limit\":\"10\",\"page\":\"1\"}', 'Mozilla/5.0 (Windows NT 10.0; Win64; x64) AppleWebKit/537.36 (KHTML, like Gecko) Chrome/87.0.4280.66 Safari/537.36', 29, 'com.quan.system.web.controller.SysUserController', 'queryPage', NULL, '2021-01-30 12:25:26', '2021-01-30 12:25:26');
INSERT INTO `sys_log` VALUES (1515, 2, 'admin', '127.0.0.1', '查询系统用户列表', '/system/sysuser/page', 'GET', '{\"limit\":\"10\",\"page\":\"1\"}', 'Mozilla/5.0 (Windows NT 10.0; Win64; x64) AppleWebKit/537.36 (KHTML, like Gecko) Chrome/87.0.4280.66 Safari/537.36', 31, 'com.quan.system.web.controller.SysUserController', 'queryPage', NULL, '2021-01-30 12:26:15', '2021-01-30 12:26:15');
INSERT INTO `sys_log` VALUES (1516, 2, 'admin', '127.0.0.1', '查询系统用户列表', '/system/sysuser/page', 'GET', '{\"limit\":\"10\",\"page\":\"1\"}', 'Mozilla/5.0 (Windows NT 10.0; Win64; x64) AppleWebKit/537.36 (KHTML, like Gecko) Chrome/87.0.4280.66 Safari/537.36', 38, 'com.quan.system.web.controller.SysUserController', 'queryPage', NULL, '2021-01-30 12:26:36', '2021-01-30 12:26:36');
INSERT INTO `sys_log` VALUES (1517, 2, 'admin', '127.0.0.1', '查询系统用户列表', '/system/sysuser/page', 'GET', '{\"limit\":\"10\",\"page\":\"1\"}', 'Mozilla/5.0 (Windows NT 10.0; Win64; x64) AppleWebKit/537.36 (KHTML, like Gecko) Chrome/87.0.4280.66 Safari/537.36', 47, 'com.quan.system.web.controller.SysUserController', 'queryPage', NULL, '2021-01-30 12:28:52', '2021-01-30 12:28:52');
INSERT INTO `sys_log` VALUES (1518, 1, 'admin', '127.0.0.1', '用户登录', '/system/sysuser/login', 'POST', '{}', 'Mozilla/5.0 (Windows NT 10.0; Win64; x64) AppleWebKit/537.36 (KHTML, like Gecko) Chrome/87.0.4280.66 Safari/537.36', NULL, NULL, NULL, NULL, '2021-01-30 21:04:58', '2021-01-30 21:04:58');
INSERT INTO `sys_log` VALUES (1519, 2, 'admin', '127.0.0.1', '查询系统用户列表', '/system/sysuser/page', 'GET', '{\"limit\":\"10\",\"page\":\"1\"}', 'Mozilla/5.0 (Windows NT 10.0; Win64; x64) AppleWebKit/537.36 (KHTML, like Gecko) Chrome/87.0.4280.66 Safari/537.36', 20, 'com.quan.system.web.controller.SysUserController', 'queryPage', NULL, '2021-01-30 21:05:02', '2021-01-30 21:05:02');
INSERT INTO `sys_log` VALUES (1520, 2, 'admin', '127.0.0.1', '查询系统用户列表', '/system/sysuser/page', 'GET', '{\"limit\":\"10\",\"page\":\"1\"}', 'Mozilla/5.0 (Windows NT 10.0; Win64; x64) AppleWebKit/537.36 (KHTML, like Gecko) Chrome/87.0.4280.66 Safari/537.36', 31, 'com.quan.system.web.controller.SysUserController', 'queryPage', NULL, '2021-01-30 21:29:57', '2021-01-30 21:29:57');
INSERT INTO `sys_log` VALUES (1521, 2, 'admin', '127.0.0.1', '查询系统用户列表', '/system/sysuser/page', 'GET', '{\"limit\":\"10\",\"page\":\"1\"}', 'Mozilla/5.0 (Windows NT 10.0; Win64; x64) AppleWebKit/537.36 (KHTML, like Gecko) Chrome/87.0.4280.66 Safari/537.36', 23, 'com.quan.system.web.controller.SysUserController', 'queryPage', NULL, '2021-01-30 21:30:38', '2021-01-30 21:30:38');
INSERT INTO `sys_log` VALUES (1522, 2, 'admin', '127.0.0.1', '查询系统用户列表', '/system/sysuser/page', 'GET', '{\"limit\":\"10\",\"page\":\"1\"}', 'Mozilla/5.0 (Windows NT 10.0; Win64; x64) AppleWebKit/537.36 (KHTML, like Gecko) Chrome/87.0.4280.66 Safari/537.36', 39, 'com.quan.system.web.controller.SysUserController', 'queryPage', NULL, '2021-01-30 21:31:47', '2021-01-30 21:31:47');
INSERT INTO `sys_log` VALUES (1523, 2, 'admin', '127.0.0.1', '查询系统用户列表', '/system/sysuser/page', 'GET', '{\"limit\":\"10\",\"page\":\"1\"}', 'Mozilla/5.0 (Windows NT 10.0; Win64; x64) AppleWebKit/537.36 (KHTML, like Gecko) Chrome/87.0.4280.66 Safari/537.36', 27, 'com.quan.system.web.controller.SysUserController', 'queryPage', NULL, '2021-01-30 21:32:11', '2021-01-30 21:32:11');
INSERT INTO `sys_log` VALUES (1524, 2, 'admin', '127.0.0.1', '查询系统用户列表', '/system/sysuser/page', 'GET', '{\"limit\":\"10\",\"page\":\"1\"}', 'Mozilla/5.0 (Windows NT 10.0; Win64; x64) AppleWebKit/537.36 (KHTML, like Gecko) Chrome/87.0.4280.66 Safari/537.36', 35, 'com.quan.system.web.controller.SysUserController', 'queryPage', NULL, '2021-01-30 21:32:59', '2021-01-30 21:32:59');
INSERT INTO `sys_log` VALUES (1525, 2, 'admin', '127.0.0.1', '查询系统用户列表', '/system/sysuser/page', 'GET', '{\"limit\":\"10\",\"page\":\"1\"}', 'Mozilla/5.0 (Windows NT 10.0; Win64; x64) AppleWebKit/537.36 (KHTML, like Gecko) Chrome/87.0.4280.66 Safari/537.36', 39, 'com.quan.system.web.controller.SysUserController', 'queryPage', NULL, '2021-01-30 21:33:05', '2021-01-30 21:33:05');
INSERT INTO `sys_log` VALUES (1526, 2, 'admin', '127.0.0.1', '查询系统用户列表', '/system/sysuser/page', 'GET', '{\"limit\":\"10\",\"page\":\"1\"}', 'Mozilla/5.0 (Windows NT 10.0; Win64; x64) AppleWebKit/537.36 (KHTML, like Gecko) Chrome/87.0.4280.66 Safari/537.36', 44, 'com.quan.system.web.controller.SysUserController', 'queryPage', NULL, '2021-01-30 21:33:27', '2021-01-30 21:33:27');
INSERT INTO `sys_log` VALUES (1527, 2, 'admin', '127.0.0.1', '查询系统用户列表', '/system/sysuser/page', 'GET', '{\"limit\":\"10\",\"page\":\"1\"}', 'Mozilla/5.0 (Windows NT 10.0; Win64; x64) AppleWebKit/537.36 (KHTML, like Gecko) Chrome/87.0.4280.66 Safari/537.36', 37, 'com.quan.system.web.controller.SysUserController', 'queryPage', NULL, '2021-01-30 21:35:30', '2021-01-30 21:35:30');
INSERT INTO `sys_log` VALUES (1528, 2, 'admin', '127.0.0.1', '查询系统用户列表', '/system/sysuser/page', 'GET', '{\"limit\":\"10\",\"page\":\"1\"}', 'Mozilla/5.0 (Windows NT 10.0; Win64; x64) AppleWebKit/537.36 (KHTML, like Gecko) Chrome/87.0.4280.66 Safari/537.36', 43, 'com.quan.system.web.controller.SysUserController', 'queryPage', NULL, '2021-01-30 21:37:17', '2021-01-30 21:37:17');
INSERT INTO `sys_log` VALUES (1529, 2, 'admin', '127.0.0.1', '查询系统用户列表', '/system/sysuser/page', 'GET', '{\"limit\":\"10\",\"page\":\"1\"}', 'Mozilla/5.0 (Windows NT 10.0; Win64; x64) AppleWebKit/537.36 (KHTML, like Gecko) Chrome/87.0.4280.66 Safari/537.36', 36, 'com.quan.system.web.controller.SysUserController', 'queryPage', NULL, '2021-01-30 21:41:02', '2021-01-30 21:41:02');
INSERT INTO `sys_log` VALUES (1530, 2, 'admin', '127.0.0.1', '查询系统用户列表', '/system/sysuser/page', 'GET', '{\"limit\":\"10\",\"page\":\"1\"}', 'Mozilla/5.0 (Windows NT 10.0; Win64; x64) AppleWebKit/537.36 (KHTML, like Gecko) Chrome/87.0.4280.66 Safari/537.36', 30, 'com.quan.system.web.controller.SysUserController', 'queryPage', NULL, '2021-01-30 21:41:25', '2021-01-30 21:41:25');
INSERT INTO `sys_log` VALUES (1531, 2, 'admin', '127.0.0.1', '查询系统用户列表', '/system/sysuser/page', 'GET', '{\"limit\":\"10\",\"page\":\"1\"}', 'Mozilla/5.0 (Windows NT 10.0; Win64; x64) AppleWebKit/537.36 (KHTML, like Gecko) Chrome/87.0.4280.66 Safari/537.36', 32, 'com.quan.system.web.controller.SysUserController', 'queryPage', NULL, '2021-01-30 21:42:15', '2021-01-30 21:42:15');
INSERT INTO `sys_log` VALUES (1532, 2, 'admin', '127.0.0.1', '查询系统用户列表', '/system/sysuser/page', 'GET', '{\"limit\":\"10\",\"page\":\"1\"}', 'Mozilla/5.0 (Windows NT 10.0; Win64; x64) AppleWebKit/537.36 (KHTML, like Gecko) Chrome/87.0.4280.66 Safari/537.36', 38, 'com.quan.system.web.controller.SysUserController', 'queryPage', NULL, '2021-01-30 21:43:06', '2021-01-30 21:43:06');
INSERT INTO `sys_log` VALUES (1533, 2, 'admin', '127.0.0.1', '查询系统用户列表', '/system/sysuser/page', 'GET', '{\"limit\":\"10\",\"page\":\"1\"}', 'Mozilla/5.0 (Windows NT 10.0; Win64; x64) AppleWebKit/537.36 (KHTML, like Gecko) Chrome/87.0.4280.66 Safari/537.36', 32, 'com.quan.system.web.controller.SysUserController', 'queryPage', NULL, '2021-01-30 21:43:19', '2021-01-30 21:43:19');
INSERT INTO `sys_log` VALUES (1534, 2, 'admin', '127.0.0.1', '查询系统用户列表', '/system/sysuser/page', 'GET', '{\"limit\":\"10\",\"page\":\"1\"}', 'Mozilla/5.0 (Windows NT 10.0; Win64; x64) AppleWebKit/537.36 (KHTML, like Gecko) Chrome/87.0.4280.66 Safari/537.36', 29, 'com.quan.system.web.controller.SysUserController', 'queryPage', NULL, '2021-01-30 21:43:27', '2021-01-30 21:43:27');
INSERT INTO `sys_log` VALUES (1535, 2, 'admin', '127.0.0.1', '查询系统用户列表', '/system/sysuser/page', 'GET', '{\"limit\":\"10\",\"page\":\"1\"}', 'Mozilla/5.0 (Windows NT 10.0; Win64; x64) AppleWebKit/537.36 (KHTML, like Gecko) Chrome/87.0.4280.66 Safari/537.36', 31, 'com.quan.system.web.controller.SysUserController', 'queryPage', NULL, '2021-01-30 21:43:31', '2021-01-30 21:43:31');
INSERT INTO `sys_log` VALUES (1536, 2, 'admin', '127.0.0.1', '查询系统用户列表', '/system/sysuser/page', 'GET', '{\"limit\":\"10\",\"page\":\"1\"}', 'Mozilla/5.0 (Windows NT 10.0; Win64; x64) AppleWebKit/537.36 (KHTML, like Gecko) Chrome/87.0.4280.66 Safari/537.36', 33, 'com.quan.system.web.controller.SysUserController', 'queryPage', NULL, '2021-01-30 21:43:52', '2021-01-30 21:43:52');
INSERT INTO `sys_log` VALUES (1537, 2, 'admin', '127.0.0.1', '查询系统用户列表', '/system/sysuser/page', 'GET', '{\"limit\":\"10\",\"page\":\"1\"}', 'Mozilla/5.0 (Windows NT 10.0; Win64; x64) AppleWebKit/537.36 (KHTML, like Gecko) Chrome/87.0.4280.66 Safari/537.36', 67, 'com.quan.system.web.controller.SysUserController', 'queryPage', NULL, '2021-01-30 21:44:12', '2021-01-30 21:44:12');
INSERT INTO `sys_log` VALUES (1538, 2, 'admin', '127.0.0.1', '查询系统用户列表', '/system/sysuser/page', 'GET', '{\"limit\":\"10\",\"page\":\"1\"}', 'Mozilla/5.0 (Windows NT 10.0; Win64; x64) AppleWebKit/537.36 (KHTML, like Gecko) Chrome/87.0.4280.66 Safari/537.36', 33, 'com.quan.system.web.controller.SysUserController', 'queryPage', NULL, '2021-01-30 21:44:31', '2021-01-30 21:44:31');
INSERT INTO `sys_log` VALUES (1539, 2, 'admin', '127.0.0.1', '查询系统用户列表', '/system/sysuser/page', 'GET', '{\"limit\":\"10\",\"page\":\"1\"}', 'Mozilla/5.0 (Windows NT 10.0; Win64; x64) AppleWebKit/537.36 (KHTML, like Gecko) Chrome/87.0.4280.66 Safari/537.36', 38, 'com.quan.system.web.controller.SysUserController', 'queryPage', NULL, '2021-01-30 21:44:41', '2021-01-30 21:44:41');
INSERT INTO `sys_log` VALUES (1540, 2, 'admin', '127.0.0.1', '查询系统用户列表', '/system/sysuser/page', 'GET', '{\"limit\":\"10\",\"page\":\"1\"}', 'Mozilla/5.0 (Windows NT 10.0; Win64; x64) AppleWebKit/537.36 (KHTML, like Gecko) Chrome/87.0.4280.66 Safari/537.36', 31, 'com.quan.system.web.controller.SysUserController', 'queryPage', NULL, '2021-01-30 21:44:49', '2021-01-30 21:44:49');
INSERT INTO `sys_log` VALUES (1541, 2, 'admin', '127.0.0.1', '查询系统用户列表', '/system/sysuser/page', 'GET', '{\"limit\":\"10\",\"page\":\"1\"}', 'Mozilla/5.0 (Windows NT 10.0; Win64; x64) AppleWebKit/537.36 (KHTML, like Gecko) Chrome/87.0.4280.66 Safari/537.36', 20, 'com.quan.system.web.controller.SysUserController', 'queryPage', NULL, '2021-01-30 21:46:52', '2021-01-30 21:46:52');
INSERT INTO `sys_log` VALUES (1542, 2, 'admin', '127.0.0.1', '查询系统用户列表', '/system/sysuser/page', 'GET', '{\"limit\":\"10\",\"page\":\"1\"}', 'Mozilla/5.0 (Windows NT 10.0; Win64; x64) AppleWebKit/537.36 (KHTML, like Gecko) Chrome/87.0.4280.66 Safari/537.36', 28, 'com.quan.system.web.controller.SysUserController', 'queryPage', NULL, '2021-01-30 21:47:19', '2021-01-30 21:47:19');
INSERT INTO `sys_log` VALUES (1543, 2, 'admin', '127.0.0.1', '查询系统用户列表', '/system/sysuser/page', 'GET', '{\"limit\":\"10\",\"page\":\"1\"}', 'Mozilla/5.0 (Windows NT 10.0; Win64; x64) AppleWebKit/537.36 (KHTML, like Gecko) Chrome/87.0.4280.66 Safari/537.36', 23, 'com.quan.system.web.controller.SysUserController', 'queryPage', NULL, '2021-01-30 21:47:54', '2021-01-30 21:47:54');
INSERT INTO `sys_log` VALUES (1544, 1, 'admin', '127.0.0.1', '用户登录', '/system/sysuser/login', 'POST', '{}', 'Mozilla/5.0 (Windows NT 10.0; Win64; x64) AppleWebKit/537.36 (KHTML, like Gecko) Chrome/87.0.4280.66 Safari/537.36', NULL, NULL, NULL, NULL, '2021-01-30 22:26:05', '2021-01-30 22:26:05');
INSERT INTO `sys_log` VALUES (1545, 1, 'admin', '127.0.0.1', '用户登录', '/system/sysuser/login', 'POST', '{}', 'Mozilla/5.0 (Windows NT 10.0; Win64; x64) AppleWebKit/537.36 (KHTML, like Gecko) Chrome/87.0.4280.66 Safari/537.36', NULL, NULL, NULL, NULL, '2021-01-30 23:02:49', '2021-01-30 23:02:49');
INSERT INTO `sys_log` VALUES (1546, 1, 'admin', '127.0.0.1', '用户登录', '/system/sysuser/login', 'POST', '{}', 'Mozilla/5.0 (Windows NT 10.0; Win64; x64) AppleWebKit/537.36 (KHTML, like Gecko) Chrome/87.0.4280.66 Safari/537.36', NULL, NULL, NULL, NULL, '2021-01-31 17:58:24', '2021-01-31 17:58:24');
INSERT INTO `sys_log` VALUES (1547, 1, 'admin', '127.0.0.1', '用户登录', '/system/sysuser/login', 'POST', '{}', 'Mozilla/5.0 (Windows NT 10.0; Win64; x64) AppleWebKit/537.36 (KHTML, like Gecko) Chrome/87.0.4280.66 Safari/537.36', NULL, NULL, NULL, NULL, '2021-01-31 21:59:30', '2021-01-31 21:59:30');
INSERT INTO `sys_log` VALUES (1548, 2, 'admin', '127.0.0.1', '查询系统用户列表', '/system/sysuser/page', 'GET', '{\"limit\":\"10\",\"page\":\"1\"}', 'Mozilla/5.0 (Windows NT 10.0; Win64; x64) AppleWebKit/537.36 (KHTML, like Gecko) Chrome/87.0.4280.66 Safari/537.36', 49, 'com.quan.system.web.controller.SysUserController', 'queryPage', NULL, '2021-01-31 22:01:40', '2021-01-31 22:01:40');
INSERT INTO `sys_log` VALUES (1549, 2, 'admin', '127.0.0.1', '查询系统用户列表', '/system/sysuser/page', 'GET', '{\"limit\":\"10\",\"page\":\"1\"}', 'Mozilla/5.0 (Windows NT 10.0; Win64; x64) AppleWebKit/537.36 (KHTML, like Gecko) Chrome/87.0.4280.66 Safari/537.36', 30, 'com.quan.system.web.controller.SysUserController', 'queryPage', NULL, '2021-01-31 22:21:10', '2021-01-31 22:21:10');
INSERT INTO `sys_log` VALUES (1550, 2, 'admin', '127.0.0.1', '查询系统用户列表', '/system/sysuser/page', 'GET', '{\"limit\":\"10\",\"page\":\"1\"}', 'Mozilla/5.0 (Windows NT 10.0; Win64; x64) AppleWebKit/537.36 (KHTML, like Gecko) Chrome/87.0.4280.66 Safari/537.36', 27, 'com.quan.system.web.controller.SysUserController', 'queryPage', NULL, '2021-01-31 22:35:23', '2021-01-31 22:35:23');
INSERT INTO `sys_log` VALUES (1551, 1, 'admin', '127.0.0.1', '用户登录', '/system/sysuser/login', 'POST', '{}', 'Mozilla/5.0 (Windows NT 10.0; Win64; x64) AppleWebKit/537.36 (KHTML, like Gecko) Chrome/87.0.4280.66 Safari/537.36', NULL, NULL, NULL, NULL, '2021-02-01 09:54:52', '2021-02-01 09:54:52');

-- ----------------------------
-- Table structure for sys_menu
-- ----------------------------
DROP TABLE IF EXISTS `sys_menu`;
CREATE TABLE `sys_menu`  (
  `id` bigint(20) NOT NULL AUTO_INCREMENT COMMENT 'ID',
  `pid` bigint(20) NULL DEFAULT 0 COMMENT 'PID',
  `name` varchar(100) CHARACTER SET utf8mb4 COLLATE utf8mb4_general_ci NULL DEFAULT NULL COMMENT '名称',
  `url` varchar(128) CHARACTER SET utf8mb4 COLLATE utf8mb4_general_ci NULL DEFAULT NULL COMMENT '路径',
  `sort` int(11) NOT NULL DEFAULT 99 COMMENT '排序',
  `status` tinyint(1) NULL DEFAULT 1 COMMENT '状态(0:禁用:,1:正常)',
  `ctime` timestamp(0) NOT NULL DEFAULT CURRENT_TIMESTAMP COMMENT '创建时间',
  `utime` timestamp(0) NOT NULL DEFAULT CURRENT_TIMESTAMP ON UPDATE CURRENT_TIMESTAMP(0) COMMENT '最后更新时间',
  PRIMARY KEY (`id`) USING BTREE
) ENGINE = InnoDB AUTO_INCREMENT = 66 CHARACTER SET = utf8mb4 COLLATE = utf8mb4_general_ci COMMENT = '系统-菜单' ROW_FORMAT = Dynamic;

-- ----------------------------
-- Records of sys_menu
-- ----------------------------
INSERT INTO `sys_menu` VALUES (60, 0, '系统管理', '/system', 99, 1, '2021-01-09 23:14:19', '2021-01-09 23:14:19');
INSERT INTO `sys_menu` VALUES (62, 60, '用户管理', '/system/user', 99, 1, '2021-01-09 23:16:20', '2021-01-09 23:16:20');
INSERT INTO `sys_menu` VALUES (63, 60, '角色管理', '/system/role', 99, 1, '2021-01-09 23:16:30', '2021-01-09 23:16:30');
INSERT INTO `sys_menu` VALUES (64, 60, '字典管理', '/system/dict', 99, 1, '2021-01-09 23:16:38', '2021-01-09 23:16:38');
INSERT INTO `sys_menu` VALUES (65, 60, '代码生成', '/system/generator', 99, 1, '2021-01-09 23:16:48', '2021-01-09 23:16:48');
INSERT INTO `sys_menu` VALUES (66, 60, '权限管理', '/system/permission', 99, 1, '2021-01-10 00:22:44', '2021-01-10 00:22:44');

-- ----------------------------
-- Table structure for sys_message
-- ----------------------------
DROP TABLE IF EXISTS `sys_message`;
CREATE TABLE `sys_message`  (
  `id` bigint(20) NOT NULL COMMENT 'ID',
  `type` tinyint(1) NULL DEFAULT 1 COMMENT '消息类型：1->广播消息，2->用户消息',
  `status` tinyint(1) NULL DEFAULT 1 COMMENT '消息状态：1->未读，2->已读',
  `title` varchar(255) CHARACTER SET utf8mb4 COLLATE utf8mb4_general_ci NULL DEFAULT NULL COMMENT '消息标题',
  `content` longtext CHARACTER SET utf8mb4 COLLATE utf8mb4_general_ci NULL COMMENT '消息内容',
  `ctime` timestamp(0) NOT NULL DEFAULT CURRENT_TIMESTAMP COMMENT '创建时间',
  PRIMARY KEY (`id`) USING BTREE
) ENGINE = InnoDB CHARACTER SET = utf8mb4 COLLATE = utf8mb4_general_ci COMMENT = '系统-即时消息' ROW_FORMAT = Dynamic;

-- ----------------------------
-- Table structure for sys_message_to_user
-- ----------------------------
DROP TABLE IF EXISTS `sys_message_to_user`;
CREATE TABLE `sys_message_to_user`  (
  `id` bigint(20) NOT NULL COMMENT 'ID',
  `user_id` bigint(20) NOT NULL COMMENT '用户ID',
  `message_id` bigint(20) NOT NULL COMMENT '消息ID',
  `status` tinyint(1) NULL DEFAULT NULL COMMENT '消息状态：1->未读，2->已读',
  PRIMARY KEY (`id`) USING BTREE
) ENGINE = InnoDB CHARACTER SET = utf8mb4 COLLATE = utf8mb4_general_ci COMMENT = '系统-即时消息-用户消息' ROW_FORMAT = Dynamic;

-- ----------------------------
-- Table structure for sys_permission
-- ----------------------------
DROP TABLE IF EXISTS `sys_permission`;
CREATE TABLE `sys_permission`  (
  `id` int(11) NOT NULL AUTO_INCREMENT COMMENT 'ID',
  `menu_id` int(11) NULL DEFAULT NULL COMMENT '所属菜单ID',
  `name` varchar(100) CHARACTER SET utf8mb4 COLLATE utf8mb4_general_ci NULL DEFAULT NULL COMMENT '权限名称',
  `permission` varchar(100) CHARACTER SET utf8mb4 COLLATE utf8mb4_general_ci NULL DEFAULT NULL COMMENT '权限标识',
  `type` char(1) CHARACTER SET utf8mb4 COLLATE utf8mb4_general_ci NULL DEFAULT NULL COMMENT '权限类型 （1:页面,2:按钮）',
  `sort` int(11) NOT NULL DEFAULT 99 COMMENT '排序',
  `status` tinyint(1) NULL DEFAULT 1 COMMENT '状态(0:禁用:,1:正常)',
  `remarks` varchar(1000) CHARACTER SET utf8mb4 COLLATE utf8mb4_general_ci NULL DEFAULT NULL COMMENT '备注',
  `ctime` timestamp(0) NOT NULL DEFAULT CURRENT_TIMESTAMP COMMENT '创建时间',
  `utime` timestamp(0) NOT NULL DEFAULT CURRENT_TIMESTAMP ON UPDATE CURRENT_TIMESTAMP(0) COMMENT '最后更新时间',
  PRIMARY KEY (`id`) USING BTREE
) ENGINE = InnoDB AUTO_INCREMENT = 199 CHARACTER SET = utf8mb4 COLLATE = utf8mb4_general_ci COMMENT = '系统-菜单权限' ROW_FORMAT = Dynamic;

-- ----------------------------
-- Records of sys_permission
-- ----------------------------
INSERT INTO `sys_permission` VALUES (173, 60, '系统管理页面', 'system:page', '1', 99, 1, NULL, '2021-01-09 23:17:47', '2021-01-09 23:18:00');
INSERT INTO `sys_permission` VALUES (174, 62, '页面', 'system:user:page', '1', 99, 1, NULL, '2021-01-09 23:18:23', '2021-01-09 23:18:23');
INSERT INTO `sys_permission` VALUES (175, 62, '添加', 'system:user:add', '2', 99, 1, NULL, '2021-01-09 23:18:45', '2021-01-09 23:18:45');
INSERT INTO `sys_permission` VALUES (176, 62, '删除', 'system:user:delete', '2', 99, 1, NULL, '2021-01-09 23:18:52', '2021-01-09 23:18:52');
INSERT INTO `sys_permission` VALUES (177, 62, '编辑', 'system:user:update', '2', 99, 1, NULL, '2021-01-09 23:19:05', '2021-01-09 23:19:05');
INSERT INTO `sys_permission` VALUES (179, 62, '详情', 'system:user:detail', '2', 99, 1, NULL, '2021-01-09 23:20:50', '2021-01-09 23:20:50');
INSERT INTO `sys_permission` VALUES (180, 63, '页面', 'system:role:page', '1', 99, 1, NULL, '2021-01-09 23:21:11', '2021-01-09 23:21:11');
INSERT INTO `sys_permission` VALUES (181, 63, '添加', 'system:role:add', '2', 99, 1, NULL, '2021-01-09 23:21:18', '2021-01-09 23:21:18');
INSERT INTO `sys_permission` VALUES (182, 63, '删除', 'system:role:delete', '2', 99, 1, NULL, '2021-01-09 23:21:28', '2021-01-09 23:21:28');
INSERT INTO `sys_permission` VALUES (183, 63, '编辑', 'system:role:edit', '2', 99, 1, NULL, '2021-01-09 23:21:41', '2021-01-09 23:21:41');
INSERT INTO `sys_permission` VALUES (184, 63, '详情', 'system:role:detail', '2', 99, 1, NULL, '2021-01-09 23:21:52', '2021-01-09 23:21:52');
INSERT INTO `sys_permission` VALUES (185, 63, '查询列表', 'system:role:list', '2', 99, 1, NULL, '2021-01-09 23:22:09', '2021-01-09 23:22:09');
INSERT INTO `sys_permission` VALUES (186, 62, '查询列表', 'system:user:list', '2', 99, 1, NULL, '2021-01-09 23:22:38', '2021-01-09 23:22:38');
INSERT INTO `sys_permission` VALUES (187, 64, '页面', 'system:dict:page', '1', 99, 1, NULL, '2021-01-09 23:23:05', '2021-01-09 23:23:05');
INSERT INTO `sys_permission` VALUES (188, 64, '添加', 'system:dict:add', '2', 99, 1, NULL, '2021-01-09 23:23:18', '2021-01-09 23:23:18');
INSERT INTO `sys_permission` VALUES (189, 64, '删除', 'system:dict:delete', '2', 99, 1, NULL, '2021-01-09 23:23:26', '2021-01-09 23:23:26');
INSERT INTO `sys_permission` VALUES (190, 64, '编辑', 'system:dict:edit', '2', 99, 1, NULL, '2021-01-09 23:23:33', '2021-01-09 23:23:33');
INSERT INTO `sys_permission` VALUES (191, 64, '详情', 'system:dict:detail', '2', 99, 1, NULL, '2021-01-09 23:23:40', '2021-01-09 23:23:40');
INSERT INTO `sys_permission` VALUES (192, 64, '查询列表', 'system:dict:list', '2', 99, 1, NULL, '2021-01-09 23:23:45', '2021-01-09 23:23:45');
INSERT INTO `sys_permission` VALUES (193, 65, '页面', 'system:generator:page', '1', 99, 1, NULL, '2021-01-09 23:24:19', '2021-01-09 23:24:43');
INSERT INTO `sys_permission` VALUES (194, 66, '页面', 'system:permission:page', '1', 99, 1, NULL, '2021-01-10 00:23:11', '2021-01-10 00:23:11');
INSERT INTO `sys_permission` VALUES (195, 66, '添加', 'system:permission:add', '2', 99, 1, NULL, '2021-01-10 00:23:18', '2021-01-10 00:23:18');
INSERT INTO `sys_permission` VALUES (196, 66, '删除', 'system:permission:delete', '2', 99, 1, NULL, '2021-01-10 00:23:24', '2021-01-10 00:23:24');
INSERT INTO `sys_permission` VALUES (197, 66, '编辑', 'system:permission:edit', '2', 99, 1, NULL, '2021-01-10 00:23:29', '2021-01-10 00:23:29');
INSERT INTO `sys_permission` VALUES (198, 66, '详情', 'system:permission:detail', '2', 99, 1, NULL, '2021-01-10 00:23:43', '2021-01-10 00:23:43');
INSERT INTO `sys_permission` VALUES (199, 66, '查询列表', 'system:permission:list', '2', 99, 1, NULL, '2021-01-10 00:23:52', '2021-01-10 00:23:52');

-- ----------------------------
-- Table structure for sys_role
-- ----------------------------
DROP TABLE IF EXISTS `sys_role`;
CREATE TABLE `sys_role`  (
  `id` bigint(20) NOT NULL COMMENT 'ID',
  `name` varchar(200) CHARACTER SET utf8mb4 COLLATE utf8mb4_general_ci NULL DEFAULT NULL COMMENT '名称',
  `remarks` varchar(1000) CHARACTER SET utf8mb4 COLLATE utf8mb4_general_ci NULL DEFAULT NULL COMMENT '备注',
  `ctime` timestamp(0) NOT NULL DEFAULT CURRENT_TIMESTAMP COMMENT '创建时间',
  `utime` timestamp(0) NOT NULL DEFAULT CURRENT_TIMESTAMP ON UPDATE CURRENT_TIMESTAMP(0) COMMENT '最后更新时间',
  PRIMARY KEY (`id`) USING BTREE
) ENGINE = InnoDB CHARACTER SET = utf8mb4 COLLATE = utf8mb4_general_ci COMMENT = '系统-角色' ROW_FORMAT = Dynamic;

-- ----------------------------
-- Records of sys_role
-- ----------------------------
INSERT INTO `sys_role` VALUES (1347928124964237314, '管理员', NULL, '2021-01-09 23:28:03', '2021-01-09 23:28:03');
INSERT INTO `sys_role` VALUES (1347928219227025409, '店长', NULL, '2021-01-09 23:28:25', '2021-01-09 23:28:25');
INSERT INTO `sys_role` VALUES (1347928296645488641, '财务专员', NULL, '2021-01-09 23:28:44', '2021-01-09 23:28:44');
INSERT INTO `sys_role` VALUES (1347928359996256257, '客服专员', NULL, '2021-01-09 23:28:59', '2021-01-09 23:28:59');

-- ----------------------------
-- Table structure for sys_role_permission
-- ----------------------------
DROP TABLE IF EXISTS `sys_role_permission`;
CREATE TABLE `sys_role_permission`  (
  `id` bigint(20) NOT NULL COMMENT 'ID',
  `role_id` bigint(20) NOT NULL COMMENT '角色ID',
  `permission_id` bigint(20) NOT NULL COMMENT '权限ID',
  `menu_id` bigint(20) NOT NULL COMMENT '菜单ID',
  PRIMARY KEY (`id`) USING BTREE
) ENGINE = InnoDB CHARACTER SET = utf8mb4 COLLATE = utf8mb4_general_ci COMMENT = '系统-角色与(菜单)权限关联' ROW_FORMAT = Dynamic;

-- ----------------------------
-- Records of sys_role_permission
-- ----------------------------
INSERT INTO `sys_role_permission` VALUES (1347940208238145538, 1347928124964237314, 173, 60);
INSERT INTO `sys_role_permission` VALUES (1347940208238145539, 1347928124964237314, 174, 62);
INSERT INTO `sys_role_permission` VALUES (1347940208238145540, 1347928124964237314, 175, 62);
INSERT INTO `sys_role_permission` VALUES (1347940208246534146, 1347928124964237314, 176, 62);
INSERT INTO `sys_role_permission` VALUES (1347940208246534147, 1347928124964237314, 177, 62);
INSERT INTO `sys_role_permission` VALUES (1347940208246534148, 1347928124964237314, 179, 62);
INSERT INTO `sys_role_permission` VALUES (1347940208246534149, 1347928124964237314, 180, 63);
INSERT INTO `sys_role_permission` VALUES (1347940208246534150, 1347928124964237314, 181, 63);
INSERT INTO `sys_role_permission` VALUES (1347940208246534151, 1347928124964237314, 182, 63);
INSERT INTO `sys_role_permission` VALUES (1347940208246534152, 1347928124964237314, 183, 63);
INSERT INTO `sys_role_permission` VALUES (1347940208246534153, 1347928124964237314, 184, 63);
INSERT INTO `sys_role_permission` VALUES (1347940208246534154, 1347928124964237314, 185, 63);
INSERT INTO `sys_role_permission` VALUES (1347940208246534155, 1347928124964237314, 186, 62);
INSERT INTO `sys_role_permission` VALUES (1347940208254922753, 1347928124964237314, 187, 64);
INSERT INTO `sys_role_permission` VALUES (1347940208254922754, 1347928124964237314, 188, 64);
INSERT INTO `sys_role_permission` VALUES (1347940208254922755, 1347928124964237314, 189, 64);
INSERT INTO `sys_role_permission` VALUES (1347940208254922756, 1347928124964237314, 190, 64);
INSERT INTO `sys_role_permission` VALUES (1347940208254922757, 1347928124964237314, 191, 64);
INSERT INTO `sys_role_permission` VALUES (1347940208254922758, 1347928124964237314, 192, 64);
INSERT INTO `sys_role_permission` VALUES (1347940208254922759, 1347928124964237314, 193, 65);
INSERT INTO `sys_role_permission` VALUES (1347940231260680194, 1347928219227025409, 174, 62);
INSERT INTO `sys_role_permission` VALUES (1347940231264874497, 1347928219227025409, 175, 62);
INSERT INTO `sys_role_permission` VALUES (1347940231264874498, 1347928219227025409, 176, 62);
INSERT INTO `sys_role_permission` VALUES (1347940231264874499, 1347928219227025409, 177, 62);
INSERT INTO `sys_role_permission` VALUES (1347940231264874500, 1347928219227025409, 179, 62);
INSERT INTO `sys_role_permission` VALUES (1347940231273263105, 1347928219227025409, 186, 62);
INSERT INTO `sys_role_permission` VALUES (1347940231273263106, 1347928219227025409, 173, 60);
INSERT INTO `sys_role_permission` VALUES (1347940273799311361, 1347928296645488641, 180, 63);
INSERT INTO `sys_role_permission` VALUES (1347940273807699970, 1347928296645488641, 181, 63);
INSERT INTO `sys_role_permission` VALUES (1347940273807699971, 1347928296645488641, 182, 63);
INSERT INTO `sys_role_permission` VALUES (1347940273807699972, 1347928296645488641, 183, 63);
INSERT INTO `sys_role_permission` VALUES (1347940273807699973, 1347928296645488641, 184, 63);
INSERT INTO `sys_role_permission` VALUES (1347940273807699974, 1347928296645488641, 185, 63);
INSERT INTO `sys_role_permission` VALUES (1347940273816088577, 1347928296645488641, 193, 65);
INSERT INTO `sys_role_permission` VALUES (1347940273816088578, 1347928296645488641, 173, 60);
INSERT INTO `sys_role_permission` VALUES (1347945881248215042, 1347928359996256257, 193, 65);
INSERT INTO `sys_role_permission` VALUES (1347945881248215043, 1347928359996256257, 173, 60);
INSERT INTO `sys_role_permission` VALUES (1347945881248215044, 1347928359996256257, 187, 64);
INSERT INTO `sys_role_permission` VALUES (1347945881248215045, 1347928359996256257, 188, 64);
INSERT INTO `sys_role_permission` VALUES (1347945881264992258, 1347928359996256257, 189, 64);
INSERT INTO `sys_role_permission` VALUES (1347945881264992259, 1347928359996256257, 190, 64);
INSERT INTO `sys_role_permission` VALUES (1347945881264992260, 1347928359996256257, 191, 64);
INSERT INTO `sys_role_permission` VALUES (1347945881264992261, 1347928359996256257, 192, 64);
INSERT INTO `sys_role_permission` VALUES (1347945881264992262, 1347928359996256257, 180, 63);
INSERT INTO `sys_role_permission` VALUES (1347945881264992263, 1347928359996256257, 176, 62);
INSERT INTO `sys_role_permission` VALUES (1347945881264992264, 1347928359996256257, 177, 62);
INSERT INTO `sys_role_permission` VALUES (1347945881264992265, 1347928359996256257, 179, 62);
INSERT INTO `sys_role_permission` VALUES (1347945881264992266, 1347928359996256257, 186, 62);
INSERT INTO `sys_role_permission` VALUES (1347945881264992267, 1347928359996256257, 174, 62);

-- ----------------------------
-- Table structure for sys_scheduler_job
-- ----------------------------
DROP TABLE IF EXISTS `sys_scheduler_job`;
CREATE TABLE `sys_scheduler_job`  (
  `id` bigint(20) NOT NULL AUTO_INCREMENT COMMENT 'ID',
  `job_name` varchar(255) CHARACTER SET utf8mb4 COLLATE utf8mb4_general_ci NULL DEFAULT NULL COMMENT 'Job名称',
  `job_group` varchar(255) CHARACTER SET utf8mb4 COLLATE utf8mb4_general_ci NULL DEFAULT NULL COMMENT 'Job组名',
  `job_cron` varchar(255) CHARACTER SET utf8mb4 COLLATE utf8mb4_general_ci NULL DEFAULT NULL COMMENT '执行的cron',
  `job_trigger_date` datetime(0) NULL DEFAULT NULL COMMENT '任务触发时间',
  `job_class_path` varchar(255) CHARACTER SET utf8mb4 COLLATE utf8mb4_general_ci NULL DEFAULT NULL COMMENT 'Job作业类',
  `job_params` varchar(1000) CHARACTER SET utf8mb4 COLLATE utf8mb4_general_ci NULL DEFAULT NULL COMMENT 'Job的参数',
  `job_desc` varchar(1000) CHARACTER SET utf8mb4 COLLATE utf8mb4_general_ci NULL DEFAULT NULL COMMENT 'Job描述信息',
  `job_status` varchar(20) CHARACTER SET utf8mb4 COLLATE utf8mb4_general_ci NULL DEFAULT NULL COMMENT '任务执行状态，可选值为（RUNNING：正常-待触发执行中,  PAUSE：暂停, FINISHED：完成, FAILED：失败）',
  `failure_cause` varchar(4000) CHARACTER SET utf8mb4 COLLATE utf8mb4_general_ci NULL DEFAULT NULL COMMENT '执行失败原因',
  `remarks` varchar(1000) CHARACTER SET utf8mb4 COLLATE utf8mb4_general_ci NULL DEFAULT NULL COMMENT '备注',
  `ctime` timestamp(0) NOT NULL DEFAULT CURRENT_TIMESTAMP COMMENT '创建时间',
  `utime` timestamp(0) NOT NULL DEFAULT CURRENT_TIMESTAMP ON UPDATE CURRENT_TIMESTAMP(0) COMMENT '最后更新时间',
  PRIMARY KEY (`id`) USING BTREE
) ENGINE = InnoDB AUTO_INCREMENT = 4 CHARACTER SET = utf8mb4 COLLATE = utf8mb4_general_ci COMMENT = '系统-定时作业管理' ROW_FORMAT = Dynamic;

-- ----------------------------
-- Records of sys_scheduler_job
-- ----------------------------
INSERT INTO `sys_scheduler_job` VALUES (3, '测试定时任务', 'DEFAULT', '0/5 * * * * ? *', NULL, 'com.quan.admin.scheduler.PrintWriteSchedulerJob', '[{\"key\":\"aa\",\"value\":\"aa\"},{\"key\":\"cc\",\"value\":\"cc\"}]', '111111', 'PAUSE', NULL, '22222', '2020-08-26 17:02:54', '2020-08-26 21:51:46');

-- ----------------------------
-- Table structure for sys_settings
-- ----------------------------
DROP TABLE IF EXISTS `sys_settings`;
CREATE TABLE `sys_settings`  (
  `id` bigint(20) NOT NULL COMMENT 'ID',
  `set_key` varchar(100) CHARACTER SET utf8mb4 COLLATE utf8mb4_general_ci NULL DEFAULT NULL COMMENT '全局参数键',
  `set_value` varchar(500) CHARACTER SET utf8mb4 COLLATE utf8mb4_general_ci NULL DEFAULT NULL COMMENT '全局参数值',
  `remarks` varchar(500) CHARACTER SET utf8mb4 COLLATE utf8mb4_general_ci NULL DEFAULT NULL COMMENT '备注',
  PRIMARY KEY (`id`) USING BTREE
) ENGINE = InnoDB CHARACTER SET = utf8mb4 COLLATE = utf8mb4_general_ci COMMENT = '系统-全局常量设置表' ROW_FORMAT = Dynamic;

-- ----------------------------
-- Records of sys_settings
-- ----------------------------
INSERT INTO `sys_settings` VALUES (58, 'Year_Holiday', '7', '员工年假默认天数');
INSERT INTO `sys_settings` VALUES (59, 'Dimission_Year', '2016', '离职率计算参数设定');
INSERT INTO `sys_settings` VALUES (63, 'ZZRSCE2018', '23', '2018在职人数差额');

-- ----------------------------
-- Table structure for sys_user
-- ----------------------------
DROP TABLE IF EXISTS `sys_user`;
CREATE TABLE `sys_user`  (
  `id` bigint(20) NOT NULL COMMENT 'ID',
  `realname` varchar(20) CHARACTER SET utf8mb4 COLLATE utf8mb4_general_ci NULL DEFAULT NULL COMMENT '用户姓名',
  `avatar` varchar(150) CHARACTER SET utf8mb4 COLLATE utf8mb4_general_ci NULL DEFAULT NULL COMMENT '头像',
  `username` varchar(20) CHARACTER SET utf8mb4 COLLATE utf8mb4_general_ci NOT NULL COMMENT '登录账号',
  `password` varchar(100) CHARACTER SET utf8mb4 COLLATE utf8mb4_general_ci NOT NULL COMMENT '密码(SHA256(密码+盐))',
  `salt` varchar(32) CHARACTER SET utf8mb4 COLLATE utf8mb4_general_ci NOT NULL COMMENT '盐',
  `mobile` varchar(20) CHARACTER SET utf8mb4 COLLATE utf8mb4_general_ci NULL DEFAULT NULL COMMENT '手机号码',
  `email` varchar(50) CHARACTER SET utf8mb4 COLLATE utf8mb4_general_ci NULL DEFAULT NULL COMMENT '邮箱地址',
  `sex` varchar(10) CHARACTER SET utf8mb4 COLLATE utf8mb4_general_ci NULL DEFAULT NULL COMMENT '性别(男,女)',
  `birthday` date NULL DEFAULT NULL COMMENT '生日',
  `status` tinyint(1) NULL DEFAULT 1 COMMENT '状态(0:禁用:,1:正常)',
  `super_admin` tinyint(1) NULL DEFAULT 0 COMMENT '是否超级管理员（1：是，0：否）',
  `ctime` timestamp(0) NOT NULL DEFAULT CURRENT_TIMESTAMP COMMENT '创建时间',
  `utime` timestamp(0) NOT NULL DEFAULT CURRENT_TIMESTAMP ON UPDATE CURRENT_TIMESTAMP(0) COMMENT '最后更新时间',
  PRIMARY KEY (`id`) USING BTREE,
  INDEX `tb_system_user_username`(`username`) USING BTREE,
  INDEX `tb_system_user_mobile`(`mobile`) USING BTREE,
  INDEX `tb_system_user_email`(`email`) USING BTREE
) ENGINE = InnoDB CHARACTER SET = utf8mb4 COLLATE = utf8mb4_general_ci COMMENT = '系统-用户' ROW_FORMAT = Dynamic;

-- ----------------------------
-- Records of sys_user
-- ----------------------------
INSERT INTO `sys_user` VALUES (290086422317127680, '超级管理员', 'http://yhaoquan-mars.oss-cn-shenzhen.aliyuncs.com/u3urLb', 'admin', '07bd815e90af32d0e5e50b3f9300a7c828efdb32a65f5338174adf816babe100', 'ADA536DD1BAE4CDFBB4CE3F41C5F0494', '15602208451', 'yhaoquan@163.com', '男', '2021-01-06', 1, 1, '2018-05-13 19:21:23', '2021-01-10 22:37:21');
INSERT INTO `sys_user` VALUES (1297776930242228226, '武思淼', 'https://quan-cloud-test.oss-cn-shenzhen.aliyuncs.com/2021-01-08/9e5740cd-afba-4a70-8477-eb726dfc3afa_220j0s000000hiebj23B5_W_1600_1200_Q70.jpg', '0001', 'de57f13fef49a32f3b7c3c615eeb9cb51decc1fef9bf2d66c1209abb216a24f7', '3A227556CCCE4BA697F4CC6B1F0A23BB', '18526361704', '18526361704@qq.com', '男', '2021-01-05', 1, 1, '2020-08-24 14:05:06', '2021-01-28 15:25:36');
INSERT INTO `sys_user` VALUES (1297777107707424770, '曾文博', 'https://quan-cloud-test.oss-cn-shenzhen.aliyuncs.com/2021-01-10/3e2a6cff-5cc1-4929-83d3-9da274cad60a_220t0u000000jbdrxACC2_R_300_225.jpg', '0002', 'a3c27e3bec32197f377f4d1c648caa46102bede049c82c4c1d714db288ce0200', '7A9CF5F31B1646588FE48FC8FE5EE94A', '15602221116', '156022211166@qq.com', '男', '2021-01-13', 1, 0, '2020-08-24 14:05:49', '2021-01-28 15:25:49');
INSERT INTO `sys_user` VALUES (1297777107707424771, '于伟祺', 'https://quan-cloud-test.oss-cn-shenzhen.aliyuncs.com/2021-01-09/d05c685e-43a9-423a-8a48-f93f4a4b25c9_020151200001j2guh0A02_R_300_225.jpg', '0003', 'a3c27e3bec32197f377f4d1c648caa46102bede049c82c4c1d714db288ce0200', '7A9CF5F31B1646588FE48FC8FE5EE94A', '15602221116', '156022211166@qq.com', '男', '2021-01-06', 1, 0, '2020-08-24 14:05:49', '2021-01-28 15:26:06');
INSERT INTO `sys_user` VALUES (1297777107707424772, '吕晟睿', 'https://quan-cloud-test.oss-cn-shenzhen.aliyuncs.com/2021-01-09/71815412-3892-4df7-8a70-832678af361e_0221512000482bfyyC687_R_300_225.jpg', '0004', 'a3c27e3bec32197f377f4d1c648caa46102bede049c82c4c1d714db288ce0200', '7A9CF5F31B1646588FE48FC8FE5EE94A', '15602221116', '156022211166@qq.com', '男', '2021-01-13', 1, 0, '2020-08-24 14:05:49', '2021-01-28 15:26:15');
INSERT INTO `sys_user` VALUES (1297777107707424773, '尹煜城', 'https://quan-cloud-test.oss-cn-shenzhen.aliyuncs.com/2021-01-09/fb3bfb67-6319-4754-8312-85e7e7fbe542_0205g1200001j04dfA627_R_300_225.jpg', '0005', 'a3c27e3bec32197f377f4d1c648caa46102bede049c82c4c1d714db288ce0200', '7A9CF5F31B1646588FE48FC8FE5EE94A', '15602221116', '156022211166@qq.com', '男', '2020-12-16', 1, 0, '2020-08-24 14:05:49', '2021-01-28 15:26:26');
INSERT INTO `sys_user` VALUES (1354692529785679873, '武君浩', 'https://s3.amazonaws.com/uifaces/faces/twitter/1markiz/128.jpg', 'mingzhe', '2cea557dd4cc347c6ae288578a7c28283825897d9b30f1754c3a15329c791e94', '408D9DEB7422401DBBED14EEED7D1AB6', '17737846834', 'Bamity@hotmail.com', '女', '1972-03-03', 1, 0, '2021-01-28 15:27:23', '2021-01-28 15:27:23');
INSERT INTO `sys_user` VALUES (1354692529827622913, '万瑞霖', 'https://s3.amazonaws.com/uifaces/faces/twitter/chris_frees/128.jpg', 'jianxiong', 'f48cb9b461de736010bf6e949dd8f1b3325f3a5dcdbb6483a6f498635b0de923', '2D33A7F9656B4C6983E1B3A312D9D2A9', '15093378971', 'Bitchip@yahoo.com', '女', '1990-01-01', 1, 0, '2021-01-28 15:27:23', '2021-01-28 15:27:23');
INSERT INTO `sys_user` VALUES (1354692529861177345, '史梓晨', 'https://s3.amazonaws.com/uifaces/faces/twitter/sangdth/128.jpg', 'kairui', 'b106e97f130c0a79ae02e58b37611de15632ea5ae67353f475f8e09150f5a404', '7CF410F380C040F18C071095F0C1977F', '15774160193', 'Cardguard@yahoo.com', '女', '1975-09-08', 1, 0, '2021-01-28 15:27:23', '2021-01-28 15:27:23');
INSERT INTO `sys_user` VALUES (1354692529886343169, '孟浩', 'https://s3.amazonaws.com/uifaces/faces/twitter/woodydotmx/128.jpg', 'shaoqi', '9844c9825518660dfa30dbf4fc2957b1f98b16d8bfd05a82b6dc034569dcbe3e', 'EDEEF5E679E84387812E1F44F332E91E', '18101413056', 'Redhold@hotmail.com', '女', '1979-02-09', 1, 0, '2021-01-28 15:27:23', '2021-01-28 15:27:23');
INSERT INTO `sys_user` VALUES (1354692529907314689, '田苑博', 'https://s3.amazonaws.com/uifaces/faces/twitter/jasonmarkjones/128.jpg', 'licheng', '50f9a76d0f2aecb4c4eac24eab140a8bf94a8f6b7ee3ecf28c588fad38dfc936', '5CDB3F61C5E94EC4BD62B2C8167F1C86', '17257013692', 'Zathin@yahoo.com', '女', '1997-03-31', 1, 0, '2021-01-28 15:27:23', '2021-01-28 15:27:23');
INSERT INTO `sys_user` VALUES (1354692529932480513, '廖远航', 'https://s3.amazonaws.com/uifaces/faces/twitter/desastrozo/128.jpg', 'yuze', '3e09ae2e78a75b56995ec59e3f4e662f7cf39375a3ebef8ed9c4979b7fc8bd6a', '2A7D133335B7466FACBFC85E34B56994', '15836934240', 'Trippledex@yahoo.com', '女', '1992-08-18', 1, 0, '2021-01-28 15:27:23', '2021-01-28 15:27:23');
INSERT INTO `sys_user` VALUES (1354692529953452034, '姜果', 'https://s3.amazonaws.com/uifaces/faces/twitter/josecarlospsh/128.jpg', 'liguo', '07a683a51ab66458718bc19dc562704cbcd670831fb0eec10b1653069304b217', '8C6A7985D91B413BABAFAFE97743A56A', '17812703362', 'Ronstring@gmail.com', '女', '1990-03-18', 1, 0, '2021-01-28 15:27:23', '2021-01-28 15:27:23');
INSERT INTO `sys_user` VALUES (1354692529974423554, '孔皓轩', 'https://s3.amazonaws.com/uifaces/faces/twitter/silv3rgvn/128.jpg', 'jiaxi', '9409e10053d22b80d7dcefc8751d1458061150040dd09a18e86ad2fe334b7524', '284EFA6E0D554B75892F5BB82C2431FB', '13528698388', 'Tin@hotmail.com', '女', '1998-02-06', 1, 0, '2021-01-28 15:27:23', '2021-01-28 15:27:23');
INSERT INTO `sys_user` VALUES (1354692529995395073, '邓思', 'https://s3.amazonaws.com/uifaces/faces/twitter/noufalibrahim/128.jpg', 'weicheng', 'bd0e4bcddc02b3caa0d0aecd955e6bb6e68ed610123a9135f1b355cafdb12ebf', '119920A1899046C4911FCEA179FBFE97', '17578961077', 'Y-Solowarm@hotmail.com', '女', '1976-08-06', 1, 0, '2021-01-28 15:27:23', '2021-01-28 15:27:23');
INSERT INTO `sys_user` VALUES (1354692530012172290, '余耀杰', 'https://s3.amazonaws.com/uifaces/faces/twitter/ainsleywagon/128.jpg', 'haoran', 'ec30945eebc206bfbd77ddfe70965f78666c51b481256ccb3e1d87a39c1ccd6e', '7B56B3886F7D43E591B4119117B16E75', '14534969444', 'Stringtough@hotmail.com', '女', '1991-05-10', 1, 0, '2021-01-28 15:27:23', '2021-01-28 15:27:23');
INSERT INTO `sys_user` VALUES (1354692530028949506, '姜峻熙', 'https://s3.amazonaws.com/uifaces/faces/twitter/ismail_biltagi/128.jpg', 'peng', '14f74302246332b154126e2e9aa2f2bdaa18821b77d4c992d634f15b8bb2b3fe', 'EF55EB836D12450F9838978A44A78755', '17662562485', 'Keylex@gmail.com', '女', '1993-11-09', 1, 0, '2021-01-28 15:27:23', '2021-01-28 15:27:23');
INSERT INTO `sys_user` VALUES (1354692530054115329, '袁立诚', 'https://s3.amazonaws.com/uifaces/faces/twitter/nitinhayaran/128.jpg', 'jinyu', '34d45dd4a88ebdb48fdd5e561c77617465efba0fd044ade253d7a6c34f0fa66b', '491897F62F534A4B9D189D02A2E263C5', '17075173548', 'Overhold@yahoo.com', '女', '1993-02-19', 1, 0, '2021-01-28 15:27:23', '2021-01-28 15:27:23');
INSERT INTO `sys_user` VALUES (1354692530070892545, '王钰轩', 'https://s3.amazonaws.com/uifaces/faces/twitter/m4rio/128.jpg', 'yueze', 'f98c453b489a5ca9044464a2dbc70c38c9d50444be1e7642888e9a692c328d07', '475764BB25724FADA83EE490EE12F49E', '13556686063', 'Asoka@gmail.com', '女', '1981-11-26', 1, 0, '2021-01-28 15:27:23', '2021-01-28 15:27:23');
INSERT INTO `sys_user` VALUES (1354692530087669761, '廖思', 'https://s3.amazonaws.com/uifaces/faces/twitter/larrybolt/128.jpg', 'hexuan', '5e25c615fe1aad2adeca6403d76f5f9b8c38e0680195fbb255bd18255aff939d', '708DDE56433F4E838232F4D37C763169', '15986344419', 'Cardify@yahoo.com', '女', '1960-08-16', 1, 0, '2021-01-28 15:27:23', '2021-01-28 15:27:23');
INSERT INTO `sys_user` VALUES (1354692530112835585, '吴弘文', 'https://s3.amazonaws.com/uifaces/faces/twitter/safrankov/128.jpg', 'zixuan', 'f0ada70867ee262ee16ce156e8ff5527d9d3ea2a19104d4f9b2fdca4854cd5b2', '0FA512236B964C498D74B4FAB3F7D691', '14700769464', 'Kanlam@yahoo.com', '女', '1996-03-06', 1, 0, '2021-01-28 15:27:23', '2021-01-28 15:27:23');
INSERT INTO `sys_user` VALUES (1354692530142195714, '薛伟泽', 'https://s3.amazonaws.com/uifaces/faces/twitter/giuliusa/128.jpg', 'lixin', '5496f201f56abf19f58a94a0e2855f502a0d9901e5ab8540f94e6fba3e11de2a', '5B1B2C0D16444A378184C14F42EB6F43', '17325507798', 'Sub-Ex@yahoo.com', '女', '1972-11-21', 1, 0, '2021-01-28 15:27:23', '2021-01-28 15:27:23');
INSERT INTO `sys_user` VALUES (1354692530163167234, '吕峻熙', 'https://s3.amazonaws.com/uifaces/faces/twitter/josecarlospsh/128.jpg', 'shengrui', '5f4a1e5c42d6a9f8c14f659f4572be7bbe48ca4f2bfb72b727f917c5ca5526f3', 'B371CF823FE94AD8AB84EAE56BAC61C4', '15827617935', 'Matsoft@gmail.com', '女', '1971-12-25', 1, 0, '2021-01-28 15:27:23', '2021-01-28 15:27:23');
INSERT INTO `sys_user` VALUES (1354692530196721665, '韩弘文', 'https://s3.amazonaws.com/uifaces/faces/twitter/ismail_biltagi/128.jpg', 'xiujie', 'f206d5983738eec54d4aa226c1a44f3a7b4b40df527c8264476b06886aecb80e', '90DDA412648F4CB29621462C65280666', '15901467660', 'Transcof@hotmail.com', '女', '1982-12-06', 1, 0, '2021-01-28 15:27:23', '2021-01-28 15:27:23');
INSERT INTO `sys_user` VALUES (1354692530213498881, '孔瑾瑜', 'https://s3.amazonaws.com/uifaces/faces/twitter/amayvs/128.jpg', 'wenxuan', 'e05441d6dfc07b07f0af859ebcc59346a43d6ff03011484ade3b0751c66d67ab', 'F577DFBC8DBE4BC0BB1710BA78140935', '17596038616', 'Zathin@hotmail.com', '女', '1977-12-01', 1, 0, '2021-01-28 15:27:23', '2021-01-28 15:27:23');
INSERT INTO `sys_user` VALUES (1354692530234470401, '黎昊然', 'https://s3.amazonaws.com/uifaces/faces/twitter/alagoon/128.jpg', 'guo', '90dfc8aa61b2b1056f6b58ffe7a7f3ddf88d05324f0ef9cc0f109c33931d3b98', '02DD41156D2A4807921E9CFF570DC0F2', '15968341293', 'Kanlam@yahoo.com', '女', '1961-07-06', 1, 0, '2021-01-28 15:27:23', '2021-01-28 15:27:23');
INSERT INTO `sys_user` VALUES (1354692530259636225, '陆展鹏', 'https://s3.amazonaws.com/uifaces/faces/twitter/posterjob/128.jpg', 'kairui', 'c882726308ae7602539544441304dfb7767d87f50d6f0521338b275cd890ea36', '20D323F01EB640BD92F83F2A52F3F56B', '17707351791', 'Stim@gmail.com', '女', '1999-09-05', 1, 0, '2021-01-28 15:27:23', '2021-01-28 15:27:23');
INSERT INTO `sys_user` VALUES (1354692530276413442, '梁琪', 'https://s3.amazonaws.com/uifaces/faces/twitter/atanism/128.jpg', 'zhenjia', '24eb72fa23c1542d83d2a7334457bc53d3f90e28693ba733aeb2657738a690b5', 'CEDAF1B895374E99835CC7A8EB7B330C', '18404333023', 'Fintone@yahoo.com', '女', '1969-07-24', 1, 0, '2021-01-28 15:27:23', '2021-01-28 15:27:23');
INSERT INTO `sys_user` VALUES (1354692530293190658, '吴彬', 'https://s3.amazonaws.com/uifaces/faces/twitter/diesellaws/128.jpg', 'wenbo', '6ff93b2687954a66ed88da5a7314a8230a984c7ad6faf8433c72c5d72c8ad828', '404CD855CA31440B8233EA5BB259E4BA', '15827847889', 'Subin@hotmail.com', '女', '1961-07-18', 1, 0, '2021-01-28 15:27:23', '2021-01-28 15:27:23');
INSERT INTO `sys_user` VALUES (1354692530318356482, '田博超', 'https://s3.amazonaws.com/uifaces/faces/twitter/svenlen/128.jpg', 'zhize', 'd69344064b075e2344a7665ae4e2bb9805ab10d1cf72997f7edbec1192c6af4b', 'DDB3F3D4F08C41B39EC15DF6EA9C39BB', '18396062474', 'Zathin@yahoo.com', '女', '1981-12-12', 1, 0, '2021-01-28 15:27:23', '2021-01-28 15:27:23');
INSERT INTO `sys_user` VALUES (1354692530335133697, '彭睿渊', 'https://s3.amazonaws.com/uifaces/faces/twitter/santi_urso/128.jpg', 'siyuan', '41f03eca005a9245e7a9f98464c35e109b0f49d0c4ce920e4bf42722d107a046', '8195E4A6DFC94CAB9B2F4520512610A7', '17541311480', 'Bigtax@yahoo.com', '女', '1962-02-14', 1, 0, '2021-01-28 15:27:23', '2021-01-28 15:27:23');
INSERT INTO `sys_user` VALUES (1354692530351910913, '金子骞', 'https://s3.amazonaws.com/uifaces/faces/twitter/adhamdannaway/128.jpg', 'kairui', 'd9a44a054c3ff8cb525b9108eb3605bd9d45e8519c948e21be9de55d5d5b32fd', '0212F647D0584B019C039A9DE311F629', '15266432392', 'Y-Solowarm@gmail.com', '女', '1972-08-31', 1, 0, '2021-01-28 15:27:23', '2021-01-28 15:27:23');
INSERT INTO `sys_user` VALUES (1354692530368688129, '贺立诚', 'https://s3.amazonaws.com/uifaces/faces/twitter/josep_martins/128.jpg', 'wenhao', '8d66c01c4a9f8d93b651fc925403e367050be0f7c53b0b335d540a009049169b', '331DD032B38642F0BD84AFB2A085900A', '17072775866', 'Ronstring@gmail.com', '女', '1976-02-07', 1, 0, '2021-01-28 15:27:23', '2021-01-28 15:27:23');
INSERT INTO `sys_user` VALUES (1354692530385465345, '曹致远', 'https://s3.amazonaws.com/uifaces/faces/twitter/gcmorley/128.jpg', 'guo', 'aec7b4c016839442834c8f6653867c8cb958ac30234e56f0da653a4a5629d7da', '2D47528857AA4A1782AB89650AE59EFE', '17079865743', 'Bitwolf@hotmail.com', '女', '1980-06-05', 1, 0, '2021-01-28 15:27:23', '2021-01-28 15:27:23');
INSERT INTO `sys_user` VALUES (1354692530410631170, '许金鑫', 'https://s3.amazonaws.com/uifaces/faces/twitter/artem_kostenko/128.jpg', 'xinlei', '1e6f9286c7d34533c306c4bb8eec876b0ab9b7e95657daf45bed3d022242c56c', '7B56773CA650401699368650603B5C38', '13644347497', 'Temp@hotmail.com', '女', '1993-12-27', 1, 0, '2021-01-28 15:27:23', '2021-01-28 15:27:23');
INSERT INTO `sys_user` VALUES (1354692530431602689, '谢伟泽', 'https://s3.amazonaws.com/uifaces/faces/twitter/mauriolg/128.jpg', 'leju', '8d81564a3a0fba545a5163fd02bcf29ca3e8933e93de22ae8455475a52d0252a', 'FC31FF3EC1714CE98B6E7E0DE321E44A', '17846734693', 'Voltsillam@gmail.com', '女', '1994-11-19', 1, 0, '2021-01-28 15:27:23', '2021-01-28 15:27:23');
INSERT INTO `sys_user` VALUES (1354692530444185602, '郝鸿涛', 'https://s3.amazonaws.com/uifaces/faces/twitter/perfectflow/128.jpg', 'lixuan', '2e45ba7ab2dc5aebed523a1e4606865c02d465028b4430603e341e08bcb778d0', '65ABB561521241FE984469C210D1055D', '15124506272', 'Quo Lux@yahoo.com', '女', '1992-09-10', 1, 0, '2021-01-28 15:27:23', '2021-01-28 15:27:23');
INSERT INTO `sys_user` VALUES (1354692530460962817, '丁炎彬', 'https://s3.amazonaws.com/uifaces/faces/twitter/jomarmen/128.jpg', 'junhao', '0621617ca5873b55964e67fda580e95227ed00f24d7a4e04f45d5ca958fc50ae', '8D792C37C0FD4E14B351003E7314F8BA', '17539877206', 'Transcof@yahoo.com', '女', '1995-12-13', 1, 0, '2021-01-28 15:27:23', '2021-01-28 15:27:23');
INSERT INTO `sys_user` VALUES (1354692530486128642, '汪金鑫', 'https://s3.amazonaws.com/uifaces/faces/twitter/andrea211087/128.jpg', 'haoxuan', '12892b4eecf0f0cac9e7e7fbfa2b003b8ad26726fbb8d6c7a002e578b6233b75', 'ADB7AF37231448CE98D2132BF79B94F7', '15656226352', 'Fixflex@hotmail.com', '女', '1980-10-24', 1, 0, '2021-01-28 15:27:23', '2021-01-28 15:27:23');
INSERT INTO `sys_user` VALUES (1354692530502905858, '孙文', 'https://s3.amazonaws.com/uifaces/faces/twitter/falconerie/128.jpg', 'xiujie', 'ca15d0950ac0b64259e801754b2d1aba66c5c1cccf1158db2f2e7abba468c719', '2886AFC610854D368EC47D56FD72E14D', '17670144449', 'Ronstring@yahoo.com', '女', '1971-05-03', 1, 0, '2021-01-28 15:27:23', '2021-01-28 15:27:23');
INSERT INTO `sys_user` VALUES (1354692530519683073, '潘峻熙', 'https://s3.amazonaws.com/uifaces/faces/twitter/anoff/128.jpg', 'xiaoyu', '19e996aa4a9f4bb2a04ffb09be6a9bfd4805a49eeab08102361601ddb95b1153', '68A1D226FA5B4F26AB931BFDAF7C9A93', '13025626516', 'Bytecard@gmail.com', '女', '2001-08-23', 1, 0, '2021-01-28 15:27:23', '2021-01-28 15:27:23');
INSERT INTO `sys_user` VALUES (1354692530536460290, '廖嘉熙', 'https://s3.amazonaws.com/uifaces/faces/twitter/vikashpathak18/128.jpg', 'minghui', '9661a6a875a99549a5cb7c9e9f044ababfb3e71c77d950e97682ed0bff0a04e8', '8A607F80F03848C9BA609B115C519B8D', '17245275838', 'Tres-Zap@yahoo.com', '女', '1965-09-05', 1, 0, '2021-01-28 15:27:23', '2021-01-28 15:27:23');
INSERT INTO `sys_user` VALUES (1354692530570014722, '马峻熙', 'https://s3.amazonaws.com/uifaces/faces/twitter/nsamoylov/128.jpg', 'jianhui', '0e8df358c7b8eba5dceb0f54b58616a3a4aa01545161ee2a4f6b9f09294f05d5', 'D8A176EF32D443CEA5CD59289F60AF29', '17707195250', 'Vagram@gmail.com', '女', '1965-01-13', 1, 0, '2021-01-28 15:27:23', '2021-01-28 15:27:23');
INSERT INTO `sys_user` VALUES (1354692530586791938, '卢熠彤', 'https://s3.amazonaws.com/uifaces/faces/twitter/liminha/128.jpg', 'bin', 'c531cf52a50b580542f4a1bf7facd2939866e28fe9db8b211188ada51479db78', '32CEE9DA10DD4336B4015489CC999F25', '15797099965', 'Tres-Zap@hotmail.com', '女', '1961-04-27', 1, 0, '2021-01-28 15:27:23', '2021-01-28 15:27:23');
INSERT INTO `sys_user` VALUES (1354692530611957762, '杨笑愚', 'https://s3.amazonaws.com/uifaces/faces/twitter/kanickairaj/128.jpg', 'zhehan', '5553159d15a4687e919a84ed878d247c35f47a6f41eac5f95c80cef4a8b2b7ef', 'B7753016E90649C7A28ACC3872CEA4BB', '15096473066', 'Ronstring@yahoo.com', '女', '1988-04-06', 1, 0, '2021-01-28 15:27:23', '2021-01-28 15:27:23');
INSERT INTO `sys_user` VALUES (1354692530620346369, '张鸿煊', 'https://s3.amazonaws.com/uifaces/faces/twitter/joshhemsley/128.jpg', 'yanbin', '98176d0bf6bc61f746c139220831ae63d142191336f19bc7944e579aaeec6bf8', '37B6CBAFBB9F4B5582993AF4A96EF748', '15886326890', 'Tres-Zap@yahoo.com', '女', '1983-10-20', 1, 0, '2021-01-28 15:27:23', '2021-01-28 15:27:23');
INSERT INTO `sys_user` VALUES (1354692530641317889, '蒋绍辉', 'https://s3.amazonaws.com/uifaces/faces/twitter/rickdt/128.jpg', 'yuebin', '7285e7d046b29b962223e6e489aaf9479dc2aba1de26e3425dda85dd045c4b09', '048947E21AB84E03BAEC699539A2C143', '17736032638', 'Bitchip@gmail.com', '女', '1980-11-18', 1, 0, '2021-01-28 15:27:23', '2021-01-28 15:27:23');
INSERT INTO `sys_user` VALUES (1354692530658095105, '廖浩然', 'https://s3.amazonaws.com/uifaces/faces/twitter/sachingawas/128.jpg', 'hongxuan', 'dec966ace859de3727d5ef83830678287e781383344dad54b078e6aaa90d49f1', 'D7932B2DB13B4AEFB0E0C247F8407424', '17235528392', 'Holdlamis@gmail.com', '女', '1977-02-09', 1, 0, '2021-01-28 15:27:23', '2021-01-28 15:27:23');
INSERT INTO `sys_user` VALUES (1354692530679066625, '龙苑博', 'https://s3.amazonaws.com/uifaces/faces/twitter/miguelmendes/128.jpg', 'wenhao', '0aed09b01f6362df3737dacf861512674822f09f8cfd6267393af0fbcd49a4f6', 'B9A5704FE0F047E3B8F34242CEE8B8D5', '17789185047', 'Trippledex@hotmail.com', '女', '1957-04-23', 1, 0, '2021-01-28 15:27:23', '2021-01-28 15:27:23');
INSERT INTO `sys_user` VALUES (1354692530691649537, '江烨磊', 'https://s3.amazonaws.com/uifaces/faces/twitter/mauriolg/128.jpg', 'liguo', '9ba8c9782b3edf2050146ba4a8dd1a575878066d49ae529243d982ab3af95a7d', '95B9D6243C1F46B784F8146286AA5578', '14793376963', 'Fintone@hotmail.com', '女', '1987-03-19', 1, 0, '2021-01-28 15:27:23', '2021-01-28 15:27:23');
INSERT INTO `sys_user` VALUES (1354692530700038145, '曹子默', 'https://s3.amazonaws.com/uifaces/faces/twitter/kijanmaharjan/128.jpg', 'zhize', '0d4feff77b31953df880d36d7476490a456b6586ce419b6e4f24885f76a188ae', '12330A04F09F471897A17E688995FFE5', '15964740897', 'Daltfresh@yahoo.com', '女', '1997-05-22', 1, 0, '2021-01-28 15:27:23', '2021-01-28 15:27:23');
INSERT INTO `sys_user` VALUES (1354692530716815362, '潘靖琪', 'https://s3.amazonaws.com/uifaces/faces/twitter/dreizle/128.jpg', 'shaohui', '3637171295295166b6ebcfcef7ccbfebf888b2f4f062ee8cbd8f7d7c9cab5e82', '26D96D39337949A7A4CDD67F15EDFC79', '15091537935', 'Stim@gmail.com', '女', '1982-03-07', 1, 0, '2021-01-28 15:27:23', '2021-01-28 15:27:23');
INSERT INTO `sys_user` VALUES (1354692530729398273, '何文昊', 'https://s3.amazonaws.com/uifaces/faces/twitter/sokaniwaal/128.jpg', 'guo', 'e6219336b5a8736390da40c4772ac4b02ee00df4d6b69a8d3b705d544ade1820', '3EF2C21178444A3CAE3BBE46BD96828F', '13605345009', 'Namfix@yahoo.com', '女', '1999-10-06', 1, 0, '2021-01-28 15:27:23', '2021-01-28 15:27:23');
INSERT INTO `sys_user` VALUES (1354692530754564098, '吴嘉熙', 'https://s3.amazonaws.com/uifaces/faces/twitter/shalt0ni/128.jpg', 'xiujie', '30196742f068d08adaafcc4eea82a7db4e404bf91fd5437bd505d2a5355825eb', 'A39D8EB211D64480B3D68D41ED869401', '17835543298', 'Prodder@gmail.com', '女', '1972-03-28', 1, 0, '2021-01-28 15:27:23', '2021-01-28 15:27:23');
INSERT INTO `sys_user` VALUES (1354692530767147010, '贺浩然', 'https://s3.amazonaws.com/uifaces/faces/twitter/sovesove/128.jpg', 'lixin', '8c074af77a944e95841a3cc4563f0b4564124786769955d277de7633899517d3', '81F75B8E890343F985C6E9C998495D92', '15863227358', 'Andalax@gmail.com', '女', '1975-09-19', 1, 0, '2021-01-28 15:27:23', '2021-01-28 15:27:23');
INSERT INTO `sys_user` VALUES (1354692530783924226, '吴雨泽', 'https://s3.amazonaws.com/uifaces/faces/twitter/leehambley/128.jpg', 'xiujie', '3c32895d6903ea6b1b0d4c329ffbab7faed381b1a5e3dcf2a6f87a00a7c58a34', '90CFBCD51C134A57A015B5CAB43D524A', '18879536264', 'Duobam@gmail.com', '女', '1972-08-13', 1, 0, '2021-01-28 15:27:23', '2021-01-28 15:27:23');
INSERT INTO `sys_user` VALUES (1354692530809090049, '林昊强', 'https://s3.amazonaws.com/uifaces/faces/twitter/bruno_mart/128.jpg', 'hongxuan', '82f1fe0008402114315299e59fd7e9778cc96a149ba2c09001271d5cb96fe2ab', '791309646C3341FD865059E2CC7A8311', '15730540273', 'Stim@gmail.com', '女', '1977-05-29', 1, 0, '2021-01-28 15:27:23', '2021-01-28 15:27:23');
INSERT INTO `sys_user` VALUES (1354692530825867265, '张鹏涛', 'https://s3.amazonaws.com/uifaces/faces/twitter/ffbel/128.jpg', 'zihan', '151e4dbef7c5fdd76e328a7d84b0a19de97009beb82409cc5a8f8308ef3842d7', '3D5ED2B8CEC34DA49A499F9568C6FEF4', '17578594771', 'Quo Lux@yahoo.com', '女', '1984-09-28', 1, 0, '2021-01-28 15:27:23', '2021-01-28 15:27:23');
INSERT INTO `sys_user` VALUES (1354692530838450177, '严天磊', 'https://s3.amazonaws.com/uifaces/faces/twitter/_yardenoon/128.jpg', 'haotian', '6c1f74a5d5a036a49eaff3045c782b04ad3a727d18b5da36185b36e47a436777', '8F12439F4F3F4105BBB11DAEE41B6D30', '15642864375', 'Ventosanzap@hotmail.com', '女', '1983-08-01', 1, 0, '2021-01-28 15:27:23', '2021-01-28 15:27:23');
INSERT INTO `sys_user` VALUES (1354692530859421697, '白聪健', 'https://s3.amazonaws.com/uifaces/faces/twitter/kevinoh/128.jpg', 'hongxuan', '5187eb88b38efa61818525f440fbfe3063caaf1e029ef2191122d62bc939aa3f', '54E35008353D45F3B10CE57F8D2A6BD6', '17583499444', 'Namfix@yahoo.com', '女', '1957-06-25', 1, 0, '2021-01-28 15:27:23', '2021-01-28 15:27:23');
INSERT INTO `sys_user` VALUES (1354692530876198913, '谭思', 'https://s3.amazonaws.com/uifaces/faces/twitter/bowbrick/128.jpg', 'yitong', '31558d28078d36eacfc886fdceb5795a1d58481e4aeeca5d2afb23d4587a486b', 'BA6B8E72979B4AE89805472409997900', '15841373954', 'Biodex@gmail.com', '女', '1960-08-21', 1, 0, '2021-01-28 15:27:23', '2021-01-28 15:27:23');
INSERT INTO `sys_user` VALUES (1354692530892976129, '杨天宇', 'https://s3.amazonaws.com/uifaces/faces/twitter/kaelifa/128.jpg', 'yanbin', 'f196563cee7ae3913c3e0c16c62ee9fef6b94b98ff3a8627da9991fccdeec59b', 'A6BE334E086444DBB11E70820793737F', '15905067721', 'Veribet@hotmail.com', '女', '1990-03-25', 1, 0, '2021-01-28 15:27:23', '2021-01-28 15:27:23');
INSERT INTO `sys_user` VALUES (1354692530918141954, '曾瑞霖', 'https://s3.amazonaws.com/uifaces/faces/twitter/hjartstrorn/128.jpg', 'hang', '3aedd62e63b7d13a3a64a3c28a2ea411c1f46a7a2802f0afcc9bef716e70ff41', 'AC25A80FE74B4FB0BE96329629F92C03', '15238656822', 'Andalax@gmail.com', '女', '1973-01-08', 1, 0, '2021-01-28 15:27:23', '2021-01-28 15:27:23');
INSERT INTO `sys_user` VALUES (1354692530934919170, '李昊焱', 'https://s3.amazonaws.com/uifaces/faces/twitter/victorerixon/128.jpg', 'yewei', 'ef9a87b941fe9a0b32ae30aafcffec23f34b121bb413b6c68b658576d2023aac', '020B7A14F42B4A15ABE5931B052C0377', '17558096818', 'Home Ing@yahoo.com', '女', '1998-01-12', 1, 0, '2021-01-28 15:27:23', '2021-01-28 15:27:23');
INSERT INTO `sys_user` VALUES (1354692530951696386, '沈峻熙', 'https://s3.amazonaws.com/uifaces/faces/twitter/joshuaraichur/128.jpg', 'weize', '0b8b678a9c80101d0908e54d73628a3a0e290489bd68f9162a75a8dcffb7544e', '415E694777404CC0BFE167877BB8C3D0', '15373391390', 'Lotlux@yahoo.com', '女', '1996-05-19', 1, 0, '2021-01-28 15:27:23', '2021-01-28 15:27:23');
INSERT INTO `sys_user` VALUES (1354692530968473602, '沈志泽', 'https://s3.amazonaws.com/uifaces/faces/twitter/teeragit/128.jpg', 'xuanming', 'bda505227c1bf54500bf237b7fb01a66348d8b2a3c8bb81c7dd56cb32b7c205f', 'FC9656EDDAD04A5287E7ECCD8D00C5F7', '15134601063', 'Mat Lam Tam@gmail.com', '女', '1987-01-05', 1, 0, '2021-01-28 15:27:23', '2021-01-28 15:27:23');
INSERT INTO `sys_user` VALUES (1354692530976862210, '罗立果', 'https://s3.amazonaws.com/uifaces/faces/twitter/bereto/128.jpg', 'peng', '49e97b7fcc92da08a66896067cc316302b35afdbaaaa4b5553adaab343c254ba', '287E56D1B0CA438F86F7A15C634A5735', '15386721609', 'Alpha@hotmail.com', '女', '1961-07-02', 1, 0, '2021-01-28 15:27:23', '2021-01-28 15:27:23');
INSERT INTO `sys_user` VALUES (1354692530993639426, '任子默', 'https://s3.amazonaws.com/uifaces/faces/twitter/d_kobelyatsky/128.jpg', 'hongwen', 'b4d3d222d729be8232229143c420b3f04bb2665af0f0df73119c707cdc9b0f91', '0B9305A44AC043838131BA66DE479E11', '17380737886', 'Latlux@hotmail.com', '女', '1965-08-26', 1, 0, '2021-01-28 15:27:23', '2021-01-28 15:27:23');
INSERT INTO `sys_user` VALUES (1354692531010416642, '谢煜祺', 'https://s3.amazonaws.com/uifaces/faces/twitter/ratbus/128.jpg', 'yuebin', 'd4b20d47be5b1f03c6b5ca800baf0c0b79b40a56d8083cd9319a24fc8328ae28', '012F5EA3E52A4A99877622F9698B5F2D', '15088968325', 'Lotlux@gmail.com', '女', '1961-01-06', 1, 0, '2021-01-28 15:27:23', '2021-01-28 15:27:23');
INSERT INTO `sys_user` VALUES (1354692531027193858, '阎笑愚', 'https://s3.amazonaws.com/uifaces/faces/twitter/stushona/128.jpg', 'jiayi', '542908af89480076b8b1ec1ce55bdb9bd01d40528a5b658cfc051c9f4e82d5d5', '158A1B93DD654CDD83D6D3C98801CD82', '15624584889', 'Konklab@yahoo.com', '女', '2002-12-17', 1, 0, '2021-01-28 15:27:23', '2021-01-28 15:27:23');
INSERT INTO `sys_user` VALUES (1354692531035582466, '李博超', 'https://s3.amazonaws.com/uifaces/faces/twitter/bowbrick/128.jpg', 'hongxuan', 'd684781ee3318c583776ba36f5274c0e529cfd56c2a9a7bfb2355203afd32aa1', '5054B35213BC49B7BB692372AAED1826', '15836770813', 'Fix San@yahoo.com', '女', '1995-06-14', 1, 0, '2021-01-28 15:27:23', '2021-01-28 15:27:23');
INSERT INTO `sys_user` VALUES (1354692531052359682, '董绍辉', 'https://s3.amazonaws.com/uifaces/faces/twitter/horaciobella/128.jpg', 'siyuan', '7ddde93b645773babab02c020df5aaafd6ea3d05fda3866ab45ac179e6a4c3f6', 'FB3CC420EC704C0EBDF21861EE2BA759', '15855947728', 'Treeflex@gmail.com', '女', '1997-03-19', 1, 0, '2021-01-28 15:27:23', '2021-01-28 15:27:23');
INSERT INTO `sys_user` VALUES (1354692531064942594, '孟子默', 'https://s3.amazonaws.com/uifaces/faces/twitter/timothycd/128.jpg', 'yewei', '21851449ebb32cff08ce074d2d64008dc6d22b0dc1fb6a7b87217edf9f2dd7ad', 'A139129063D44CA2AF4B6A5FAB429FFB', '15180234068', 'Regrant@yahoo.com', '女', '1991-06-28', 1, 0, '2021-01-28 15:27:23', '2021-01-28 15:27:23');
INSERT INTO `sys_user` VALUES (1354692531081719809, '覃修杰', 'https://s3.amazonaws.com/uifaces/faces/twitter/alessandroribe/128.jpg', 'weize', 'b259528a24aaa1e9db5c7ae9d87d83b240cc436fe0f9fa32f59aa49d5d9583a0', '6C2A711CEC104BD49DC7429C188CA45A', '15527391025', 'Prodder@hotmail.com', '女', '1997-01-12', 1, 0, '2021-01-28 15:27:23', '2021-01-28 15:27:23');
INSERT INTO `sys_user` VALUES (1354692531098497025, '钱煜祺', 'https://s3.amazonaws.com/uifaces/faces/twitter/quailandquasar/128.jpg', 'mingzhe', 'e7a8e35a44228a1490e8e948f3531dc020c5f2339651b23658cb5653b515bbaa', '431A3E5FEC864B4196A8208F76842C75', '15810327699', 'Lotlux@yahoo.com', '女', '1960-01-08', 1, 0, '2021-01-28 15:27:23', '2021-01-28 15:27:23');
INSERT INTO `sys_user` VALUES (1354692531111079937, '贺金鑫', 'https://s3.amazonaws.com/uifaces/faces/twitter/victorstuber/128.jpg', 'xiaoyu', 'd5f7751b425013abda1a34758ff2b6118ab0cca404cf89621f8c329510f1573d', 'FB4717DC548942108974DD219C7E850D', '15332332104', 'Subin@hotmail.com', '女', '1998-07-28', 1, 0, '2021-01-28 15:27:23', '2021-01-28 15:27:23');
INSERT INTO `sys_user` VALUES (1354692531127857153, '戴鑫鹏', 'https://s3.amazonaws.com/uifaces/faces/twitter/abdots/128.jpg', 'shengrui', '774dffea5672787ff9fdcade02f816a0592575f3cd333f44f1fd19a6fc488a68', '05AE5C3F76EF4EE993DFB69C6A580F0D', '15882549765', 'Stim@hotmail.com', '女', '2001-12-12', 1, 0, '2021-01-28 15:27:23', '2021-01-28 15:27:23');
INSERT INTO `sys_user` VALUES (1354692531148828674, '毛金鑫', 'https://s3.amazonaws.com/uifaces/faces/twitter/thomasschrijer/128.jpg', 'chi', '826f0570fd6c35d37200f7f2fa7735036cb47a821960fc9e2328665515115023', 'A6DB07B035F646D487950DE3839C3C87', '15013518298', 'Fintone@hotmail.com', '女', '1976-03-23', 1, 0, '2021-01-28 15:27:23', '2021-01-28 15:27:23');
INSERT INTO `sys_user` VALUES (1354692531161411586, '阎鑫鹏', 'https://s3.amazonaws.com/uifaces/faces/twitter/chacky14/128.jpg', 'weichen', 'b2e97009d3a4ee8d230d903a2bfe3f341b22ee36de4b610749e97590a4cae778', '8C29C654313849B48C97359D8A4B580F', '17094731507', 'Biodex@gmail.com', '女', '1986-05-22', 1, 0, '2021-01-28 15:27:23', '2021-01-28 15:27:23');
INSERT INTO `sys_user` VALUES (1354692531182383106, '刘黎昕', 'https://s3.amazonaws.com/uifaces/faces/twitter/ehsandiary/128.jpg', 'xuanming', 'cb1c82ca30c9a2a6c261bd504ec3816c2b2e70fb4dd1d426447b110e688cee59', '1505893D8C6C411999C3D638C888B881', '15175455585', 'Gembucket@hotmail.com', '女', '1997-03-10', 1, 0, '2021-01-28 15:27:23', '2021-01-28 15:27:23');
INSERT INTO `sys_user` VALUES (1354692531199160322, '韦昊天', 'https://s3.amazonaws.com/uifaces/faces/twitter/kurafire/128.jpg', 'jiayi', 'ec18ff721a393e6e7372151715a9622170117c24c7e1f43c1fcb94b9699cd7a0', 'E4E0084E67CE4397AE18BE2C32B8B53F', '17677631006', 'Kanlam@hotmail.com', '女', '1993-08-06', 1, 0, '2021-01-28 15:27:23', '2021-01-28 15:27:23');
INSERT INTO `sys_user` VALUES (1354692531215937537, '雷皓轩', 'https://s3.amazonaws.com/uifaces/faces/twitter/stan/128.jpg', 'lixuan', 'b24cfd4f4e5965f74770abc622d52a5164b50b7421395cdf2a1bab1a52179b00', 'CB884591CDB1409A88F766C2EDA7F206', '14763566894', 'Zamit@hotmail.com', '女', '1989-08-28', 1, 0, '2021-01-28 15:27:23', '2021-01-28 15:27:23');
INSERT INTO `sys_user` VALUES (1354692531232714754, '秦皓轩', 'https://s3.amazonaws.com/uifaces/faces/twitter/jonkspr/128.jpg', 'junxi', '539e2824559337af7fb198931af4ba99ca1a790d778d90bdc419231893ef660d', 'B3255862F59D41E088DD1C8C63A9D2A6', '15847683859', 'Temp@hotmail.com', '女', '1989-02-24', 1, 0, '2021-01-28 15:27:23', '2021-01-28 15:27:23');
INSERT INTO `sys_user` VALUES (1354692531249491970, '马文昊', 'https://s3.amazonaws.com/uifaces/faces/twitter/maxlinderman/128.jpg', 'tianlei', '47526f4b97f6882abde29e678ca0f5ec77d40884f10be12c2955a643855c49a3', '7C22B9EAAE364DA2B9607B309B719272', '17645122403', 'Rank@gmail.com', '女', '1971-11-03', 1, 0, '2021-01-28 15:27:23', '2021-01-28 15:27:23');
INSERT INTO `sys_user` VALUES (1354692531266269186, '石明哲', 'https://s3.amazonaws.com/uifaces/faces/twitter/adamnac/128.jpg', 'jianxiong', '97a0cb488210d5ca01aa5c2cad3f487155df3b6446fd7de25bb24a09bddb180d', 'F7B4925665FD43EC96FA5B73CB52974D', '15937008096', 'Flowdesk@hotmail.com', '女', '1987-12-15', 1, 0, '2021-01-28 15:27:23', '2021-01-28 15:27:23');
INSERT INTO `sys_user` VALUES (1354692531274657794, '孔思聪', 'https://s3.amazonaws.com/uifaces/faces/twitter/depaulawagner/128.jpg', 'yuze', 'f808d1cbe9e1839fd4ac442cbc577c0f57cf09311219ca7ccac965e7da663d18', '0FF03501FC394822AFD610E2F7B7EEFF', '15859038314', 'Greenlam@gmail.com', '女', '1970-10-23', 1, 0, '2021-01-28 15:27:23', '2021-01-28 15:27:23');
INSERT INTO `sys_user` VALUES (1354692531291435010, '郝楷瑞', 'https://s3.amazonaws.com/uifaces/faces/twitter/kosmar/128.jpg', 'yehua', '13eb504f95fc3ffb17494c0661378f2406282a9c3fc08319b322b30dd85db95f', '5FEB69FFC7DE4B578C7B6F16B15EEBBA', '14764147064', 'Cookley@gmail.com', '女', '1969-09-15', 1, 0, '2021-01-28 15:27:23', '2021-01-28 15:27:23');
INSERT INTO `sys_user` VALUES (1354692531308212225, '邱潇然', 'https://s3.amazonaws.com/uifaces/faces/twitter/ahmetalpbalkan/128.jpg', 'jiaxi', '99f1630cde9a21356b051c39aa7bf3105edd3ca8692548152a364a8b93d27bcc', '43AAAE6BF6A84918A405C2BCCC0AE4AF', '15891371522', 'Konklab@hotmail.com', '女', '1956-05-09', 1, 0, '2021-01-28 15:27:23', '2021-01-28 15:27:23');
INSERT INTO `sys_user` VALUES (1354692531316600834, '周昊然', 'https://s3.amazonaws.com/uifaces/faces/twitter/nelshd/128.jpg', 'jiaxi', 'c7c83548360d5fdb2a5f6500430b0b9c4cc72ef649785a611a8bd976d03c842e', '2420459044794A85A1020D2EA2C1E833', '15342937265', 'Stringtough@yahoo.com', '女', '1988-03-23', 1, 0, '2021-01-28 15:27:23', '2021-01-28 15:27:23');
INSERT INTO `sys_user` VALUES (1354692531337572354, '范峻熙', 'https://s3.amazonaws.com/uifaces/faces/twitter/nsamoylov/128.jpg', 'luyang', '6e5f373cd5ee2f17b2f36704ab3a2864bfbede4fd081de2afd73a1d5e3adb79f', '727F40A71E234AE8811D9A2B8982A882', '17327684527', 'Regrant@gmail.com', '女', '1965-08-31', 1, 0, '2021-01-28 15:27:23', '2021-01-28 15:27:23');
INSERT INTO `sys_user` VALUES (1354692531345960962, '洪耀杰', 'https://s3.amazonaws.com/uifaces/faces/twitter/operatino/128.jpg', 'zihan', '1db16d1bea88ed5942223c7ca795074bbd91a04a08aba045d1db5d6561987a5f', 'CBD9628EEC4240ECB3C531DEE2871E6C', '15556914853', 'Lotstring@gmail.com', '女', '1960-09-22', 1, 0, '2021-01-28 15:27:23', '2021-01-28 15:27:23');
INSERT INTO `sys_user` VALUES (1354692531362738177, '彭哲瀚', 'https://s3.amazonaws.com/uifaces/faces/twitter/vitor376/128.jpg', 'weize', '028ef86c16f48fd9fbdde7fb07b22f52ea6ec274f492309805558c96a6d0dce4', 'A913CB03EF804321AAE63BB94F02663F', '15362750565', 'Greenlam@gmail.com', '女', '1961-05-01', 1, 0, '2021-01-28 15:27:23', '2021-01-28 15:27:23');
INSERT INTO `sys_user` VALUES (1354692531383709697, '郝伟宸', 'https://s3.amazonaws.com/uifaces/faces/twitter/ipavelek/128.jpg', 'yelin', 'c757d2027ed06336a050365c6ede6590510e5d8c5c7a87148c5c1aec32225a22', '1DBABBB23C9C48C19355A39A355EC9C5', '17829599056', 'Zamit@hotmail.com', '女', '1992-11-24', 1, 0, '2021-01-28 15:27:23', '2021-01-28 15:27:23');
INSERT INTO `sys_user` VALUES (1354692531400486913, '薛绍齐', 'https://s3.amazonaws.com/uifaces/faces/twitter/fran_mchamy/128.jpg', 'xinpeng', 'fac200abebd43a78b361a5683efa44809aed842babb94ea4d71ed9eb7b84175a', 'AAA5AD24346E416FA8A279F988F2833A', '14571621566', 'Namfix@yahoo.com', '女', '1960-11-19', 1, 0, '2021-01-28 15:27:23', '2021-01-28 15:27:23');
INSERT INTO `sys_user` VALUES (1354692531417264129, '尹晓博', 'https://s3.amazonaws.com/uifaces/faces/twitter/lingeswaran/128.jpg', 'jinyu', '3beb9cc564457b9b739df69edf837b4c042945ad98918482c4819ef4cf5aa50b', '9B8D2E7014B743C99C6AEAFAC0F2F2EE', '15593904320', 'Cardify@hotmail.com', '女', '1975-10-08', 1, 0, '2021-01-28 15:27:23', '2021-01-28 15:27:23');
INSERT INTO `sys_user` VALUES (1354692531425652737, '邓明轩', 'https://s3.amazonaws.com/uifaces/faces/twitter/osmanince/128.jpg', 'ming', 'b119c7f497153d23a3e556a3fb2a417dab4795e24ac9711749008337f21de5aa', '55D16A50C63D4509B64212F84CEB3C03', '15812142420', 'Lotstring@yahoo.com', '女', '1995-01-04', 1, 0, '2021-01-28 15:27:23', '2021-01-28 15:27:23');
INSERT INTO `sys_user` VALUES (1354692531450818561, '赵修杰', 'https://s3.amazonaws.com/uifaces/faces/twitter/rweve/128.jpg', 'simiao', 'd1a571ca477a7b11d4ec5e8127cc95acc86f0cff7527f63e54f0573dc6f613db', '67A92DEAC17640C68DD5B159C674118C', '17237480945', 'Voltsillam@yahoo.com', '女', '1977-07-14', 1, 0, '2021-01-28 15:27:23', '2021-01-28 15:27:23');
INSERT INTO `sys_user` VALUES (1354692531459207169, '王晓博', 'https://s3.amazonaws.com/uifaces/faces/twitter/thierrymeier_/128.jpg', 'xuanming', '4cb1c5b5b8bd616534149bb71623822c6def6d084df3861304e8bc12f77ec589', '46BBCEAAA2434A3C8065003FC30E32E1', '15366141550', 'Domainer@yahoo.com', '女', '1980-01-13', 1, 0, '2021-01-28 15:27:23', '2021-01-28 15:27:23');
INSERT INTO `sys_user` VALUES (1354692531480178689, '徐浩宇', 'https://s3.amazonaws.com/uifaces/faces/twitter/derekebradley/128.jpg', 'zhichen', 'ee1d95b6541e2848d529ac1017b6bbfa06d982f7e1972034b038250a0624705c', 'C983607DA7234EF6A9954281B9BDE1F3', '15294562883', 'Fintone@yahoo.com', '女', '1965-02-27', 1, 0, '2021-01-28 15:27:23', '2021-01-28 15:27:23');
INSERT INTO `sys_user` VALUES (1354692531492761602, '贾修杰', 'https://s3.amazonaws.com/uifaces/faces/twitter/webtanya/128.jpg', 'wenxuan', '7bd3ac65e00355912013771c8ad02744d640003c33071f698c0f1dbda5dff431', 'BA93EFC1AEB6462AA6A49516FACF757E', '17898176115', 'Alpha@yahoo.com', '女', '1968-02-11', 1, 0, '2021-01-28 15:27:23', '2021-01-28 15:27:23');
INSERT INTO `sys_user` VALUES (1354692531509538818, '戴博涛', 'https://s3.amazonaws.com/uifaces/faces/twitter/clubb3rry/128.jpg', 'guo', 'e186a83bf9a2348f643f209b6a5c4e76d02c0b99903f7b0ebe424097f8dadab8', 'DA6B92E520D7416BBEA17EC6450BE625', '15262758753', 'Kanlam@hotmail.com', '女', '1956-07-31', 1, 0, '2021-01-28 15:27:23', '2021-01-28 15:27:23');
INSERT INTO `sys_user` VALUES (1354692531534704641, '吴俊驰', 'https://s3.amazonaws.com/uifaces/faces/twitter/marclgonzales/128.jpg', 'tianyu', '3539d4901e3bfa013d8111ff1deb9dc32f6cd51a785c526f1e944feb6b30f021', 'F56A31228EBC4DB0A2608DF70D53121B', '15389933445', 'Tin@hotmail.com', '女', '1964-05-30', 1, 0, '2021-01-28 15:27:23', '2021-01-28 15:27:23');
INSERT INTO `sys_user` VALUES (1354692531551481857, '唐航', 'https://s3.amazonaws.com/uifaces/faces/twitter/timothycd/128.jpg', 'zhichen', '980594a651d57a50607397a8371a5790126e49e05cc9b1bdf1204a4a7668987d', 'D1D1E708CF3F4E6F99D4393B61A617F7', '15508126159', 'Tres-Zap@gmail.com', '女', '1968-12-15', 1, 0, '2021-01-28 15:27:23', '2021-01-28 15:27:23');
INSERT INTO `sys_user` VALUES (1354692531568259073, '邹昊强', 'https://s3.amazonaws.com/uifaces/faces/twitter/amayvs/128.jpg', 'jinpeng', '5f92d92e9d97bd1e516bbc52f26f21d09c2c7b2a8b7d366617808520be74e97d', '71157E878C9B493985F01098741AB445', '15598811132', 'Span@hotmail.com', '女', '1979-11-27', 1, 0, '2021-01-28 15:27:23', '2021-01-28 15:27:23');
INSERT INTO `sys_user` VALUES (1354692531593424898, '金绍辉', 'https://s3.amazonaws.com/uifaces/faces/twitter/sydlawrence/128.jpg', 'hongxuan', '2cd6ac4b2090a79dc3d9b25f790f0861b878e532e65459bdc5d0c4d32aac7f28', '7CE345E88A0F4EB49CBE53DFE8CAB4B8', '15611269500', 'Konklab@gmail.com', '女', '1990-12-04', 1, 0, '2021-01-28 15:27:23', '2021-01-28 15:27:23');
INSERT INTO `sys_user` VALUES (1354692531606007810, '徐烨霖', 'https://s3.amazonaws.com/uifaces/faces/twitter/jimmuirhead/128.jpg', 'hongtao', '17116952080bc84e355a6768b650bd610b05c77b853dbe3f848d8e5866ebe528', '5FC2C59D0B55466FA7A0E752D99DB21C', '15063759606', 'Bitwolf@gmail.com', '女', '1957-05-05', 1, 0, '2021-01-28 15:27:23', '2021-01-28 15:27:23');

-- ----------------------------
-- Table structure for sys_user_role
-- ----------------------------
DROP TABLE IF EXISTS `sys_user_role`;
CREATE TABLE `sys_user_role`  (
  `id` bigint(20) NOT NULL COMMENT 'ID',
  `user_id` bigint(20) NOT NULL COMMENT '用户ID',
  `role_id` bigint(20) NOT NULL COMMENT '角色ID',
  PRIMARY KEY (`id`) USING BTREE
) ENGINE = InnoDB CHARACTER SET = utf8mb4 COLLATE = utf8mb4_general_ci COMMENT = '系统-用户与角色关联' ROW_FORMAT = Dynamic;

-- ----------------------------
-- Records of sys_user_role
-- ----------------------------
INSERT INTO `sys_user_role` VALUES (1354692082689658881, 1297776930242228226, 1347928124964237314);
INSERT INTO `sys_user_role` VALUES (1354692082698047490, 1297776930242228226, 1347928296645488641);
INSERT INTO `sys_user_role` VALUES (1354692136037011458, 1297777107707424770, 1347928359996256257);
INSERT INTO `sys_user_role` VALUES (1354692136087343106, 1297777107707424770, 1347928124964237314);
INSERT INTO `sys_user_role` VALUES (1354692136087343107, 1297777107707424770, 1347928219227025409);
INSERT INTO `sys_user_role` VALUES (1354692136099926017, 1297777107707424770, 1347928296645488641);
INSERT INTO `sys_user_role` VALUES (1354692209420554242, 1297777107707424771, 1347928219227025409);
INSERT INTO `sys_user_role` VALUES (1354692247156707330, 1297777107707424772, 1347928359996256257);

-- ----------------------------
-- Table structure for undo_log
-- ----------------------------
DROP TABLE IF EXISTS `undo_log`;
CREATE TABLE `undo_log`  (
  `id` bigint(20) NOT NULL AUTO_INCREMENT,
  `branch_id` bigint(20) NOT NULL,
  `xid` varchar(100) CHARACTER SET utf8 COLLATE utf8_general_ci NOT NULL,
  `context` varchar(128) CHARACTER SET utf8 COLLATE utf8_general_ci NOT NULL,
  `rollback_info` longblob NOT NULL,
  `log_status` int(11) NOT NULL,
  `log_created` datetime(0) NOT NULL,
  `log_modified` datetime(0) NOT NULL,
  PRIMARY KEY (`id`) USING BTREE,
  UNIQUE INDEX `ux_undo_log`(`xid`, `branch_id`) USING BTREE
) ENGINE = InnoDB AUTO_INCREMENT = 1 CHARACTER SET = utf8 COLLATE = utf8_general_ci ROW_FORMAT = Dynamic;

SET FOREIGN_KEY_CHECKS = 1;
